Serial_Number,Roll_Num,Uni_ID,Student_Name,AML3201,CSL2301,CSL3307,CSL4207,CSL4208,CSL4305,CSL4318,CSL4336,CSL5210,CSP2301,ECL3311,GEW1601,GEW1603,GEW1604,GEW1605,GEW1607,GEW1608,GEW1609,GEW1610,GEW1611,GEW1613,HUL2401,HUL3301,AMP1201,CSP1307,CSP2210,ECP1311
 1,10123411,20012001,AAA AAA1,,81.82,,91.55,87.72,,83.33,76.74,,88.89,,,,,,,,,,,,,,,,,
 2,10123412,20012002,AAA AAA2,93.33,90.0,,77.19,86.21,,,,86.67,87.1,,,,,,,,,,100.0,,,,86.67,,81.97,
 3,10123413,20012003,AAA AAA3,,76.67,,75.44,,,,,80.0,80.65,,,,,100.0,,,,,,,,,86.67,,75.41,
 4,10123414,20012004,AAA AAA4,,78.79,,81.69,85.96,,86.67,86.05,,85.19,,,,,,,,,,,,,,,,,
 5,10123415,20012005,AAA AAA5,,78.79,,85.92,82.46,,93.33,81.4,,81.48,,,,,,,,,,,,,,,,,
 6,10123416,20012006,AAA AAA6,84.44,83.33,,75.44,86.21,,,,80.0,87.1,,,,,,,,,,100.0,,,,86.67,,77.05,
 7,10123417,20012007,AAA AAA7,,76.67,,75.44,75.86,,,,,80.65,,,,,,,,,,,100.0,,,80.0,,,
 8,10123418,20012008,AAA AAA8,86.67,,,77.19,77.59,,,,80.0,83.87,,,,,,,,,,100.0,,,,,,,
 9,10123419,20012009,AAA AAA9,84.44,86.67,,75.44,82.76,,,,86.67,87.1,,,,,100.0,,,,,,,,,80.0,,77.05,
 10,10123420,20012010,AAA AAA10,82.22,76.67,,80.7,82.76,,,,86.67,85.48,,,,,100.0,,,,,,,,,80.0,,,
 11,10123421,20012011,AAA AAA11,86.67,86.67,,,84.48,,,,93.33,83.87,,,,,100.0,,,,,,,,,80.0,,77.05,
 12,10123422,20012012,AAA AAA12,88.89,80.0,,80.7,82.76,,,,86.67,90.32,,,,,,,,,,100.0,,,,93.33,,86.89,
 13,10123423,20012013,AAA AAA13,86.67,80.0,,75.44,79.31,,,,80.0,83.87,,,,,100.0,,,,,,,,,86.67,,75.41,
 14,10123424,20012014,AAA AAA14,75.56,,,,,,,,80.0,77.42,,,,,,,100.0,,,,,,,,,,
 15,10123425,20012015,AAA AAA15,93.33,96.67,,87.72,89.66,,,,100.0,90.32,,,,,,,,,100.0,,,,,86.67,,86.89,
 16,10123426,20012016,AAA AAA16,,81.82,,80.28,77.19,,76.67,76.74,,79.63,,,,,,,,,,,,,,,,,
 17,10123427,20012017,AAA AAA17,,90.91,,100.0,91.23,,100.0,83.72,,94.44,,,,,,,,,,,,,,,,,
 18,10123428,20012018,AAA AAA18,,78.79,,88.73,78.95,,83.33,81.4,,81.48,,,,,,,,,,,,,,,,,
 19,10123429,20012019,AAA AAA19,100.0,93.33,,94.74,94.83,,,,93.33,96.77,,,,,100.0,,,,,,,,,100.0,,96.72,
 20,10123430,20012020,AAA AAA20,,81.82,,83.1,84.21,,93.33,83.72,,,,,,,,,,,,,,,,,,,
 21,10123431,20012021,AAA AAA21,86.67,80.0,,78.95,82.76,,,,86.67,80.65,,,,,100.0,,,,,,,,,86.67,,80.33,
 22,10123432,20012022,AAA AAA22,,76.67,,,,,,,80.0,77.42,,,,100.0,,,,,,,,,,,,,
,10123433,20012023,AAA AAA23,,76.67,,,,,,,80.0,77.42,,,,,,,,,87.5,,,,,76.67,,,
 24,10123434,20012024,AAA AAA24,82.22,86.67,,,79.31,,,,80.0,87.1,,,,,,,,,100.0,,,,,,,,
 25,10123435,20012025,AAA AAA25,86.67,76.67,,75.44,81.03,,,,76.67,79.03,,,,,,,,,,100.0,,,,86.67,,75.41,
 26,10123436,20012026,AAA AAA26,80.0,80.0,,75.44,81.03,,,,86.67,77.42,,,,,,,,,100.0,,,,,86.67,,,
 27,10123437,20012027,AAA AAA27,75.56,83.33,,77.19,75.86,,,,80.0,77.42,,,100.0,,,,,,,,,,,86.67,,78.69,
 28,10123438,20012028,AAA AAA28,75.56,76.67,,75.44,75.86,,,,80.0,77.42,,,100.0,,,,,,,,,,,83.33,,75.41,
 29,10123439,20012029,AAA AAA29,75.56,,,77.19,75.86,,,,76.67,75.81,,,,,,100.0,,,,,,,,80.0,,76.23,
 30,10123440,20012030,AAA AAA30,75.56,80.0,,75.44,,,,,,75.81,,,,,,,,,87.5,,,,,83.33,,,
 31,10123441,20012031,AAA AAA31,,,,,,,,,,,,,87.5,,,,,,,,,,,,,,
 32,10123442,20012032,AAA AAA32,84.44,76.67,,77.19,,,,,80.0,83.87,,,,,,,87.5,,,,,,,,,75.41,
 33,10123443,20012033,AAA AAA33,86.67,93.33,,89.09,85.71,,,,93.75,89.29,,,,,,,100.0,,,,,,,86.67,,81.36,
 34,10123444,20012034,AAA AAA34,82.22,80.0,,78.18,89.29,,,,75.0,85.71,,,,,,,,,87.5,,,,,93.33,,76.27,
 35,10123445,20012035,AAA AAA35,84.44,83.33,,76.36,85.71,,,,75.0,82.14,,,,,,,,,100.0,,,,,86.67,,79.66,
 36,10123446,20012036,AAA AAA36,80.0,80.0,,,85.71,,,,75.0,85.71,,,,,100.0,,,,,,,,,86.67,,,
 37,10123447,20012037,AAA AAA37,80.0,76.67,,80.0,82.14,,,,81.25,87.5,,,,100.0,,,,,,,,,,86.67,,76.27,
 38,10123448,20012038,AAA AAA38,,78.79,,88.73,84.21,,96.67,83.72,,81.48,,,,,,,,,,,,,,,,,
 39,10123449,20012039,AAA AAA39,77.78,76.67,,76.36,80.36,,,,81.25,82.14,,,,,,,,,,100.0,,,,86.67,,,
 40,10123450,20012040,AAA AAA40,80.0,83.33,,81.82,80.36,,,,81.25,82.14,,,,,100.0,,,,,,,,,80.0,,79.66,
 41,10123451,20012041,AAA AAA41,,,,,,,,,,,,,,100.0,,,,,,,,,,,,,
 42,10123452,20012042,AAA AAA42,88.89,83.33,,83.64,85.71,,,,90.63,91.07,,,,,,,,,,100.0,,,,93.33,,79.66,
 43,10123453,20012043,AAA AAA43,,78.79,,87.32,82.46,,96.67,83.72,,85.19,,,,,,,,,,,,,,,,,
 44,10123454,20012044,AAA AAA44,75.56,83.33,,76.36,75.0,,,,81.25,78.57,,,,,,,,100.0,,,,,,80.0,,76.27,
 45,10123455,20012045,AAA AAA45,75.56,80.0,,,75.0,,,,75.0,76.79,,,,100.0,,,,,,,,,,80.0,,,
 46,10123456,20012046,AAA AAA46,,75.76,,84.51,84.21,,93.33,79.07,,81.48,,,,,,,,,,,,,,,,,
 47,10123457,20012047,AAA AAA47,77.78,76.67,,81.82,82.14,,,,93.75,82.14,,,,,100.0,,,,,,,,,93.33,,80.51,
 48,10123458,20012048,AAA AAA48,80.0,83.33,,87.27,82.14,,,,93.75,83.93,,,,,,,,,100.0,,,,,86.67,,79.66,
 49,10123459,20012049,AAA AAA49,75.56,76.67,,76.36,78.57,,,,81.25,78.57,,,,,,,,100.0,,,,,,80.0,,75.42,
 50,10123460,20012050,AAA AAA50,77.78,86.67,,76.36,89.29,,,,87.5,96.43,,,,,,,75.0,,,,,,,80.0,,75.42,
 51,10123461,20012051,AAA AAA51,91.11,96.67,,87.27,91.07,,,,87.5,100.0,,,,,,,100.0,,,,,,,80.0,,89.83,
 52,10123462,20012052,AAA AAA52,84.44,80.0,,76.36,80.36,,,,87.5,85.71,,,,,100.0,,,,,,,,,86.67,,78.81,
,10123463,20012053,AAA AAA53,75.56,76.67,,76.36,,,,,75.0,78.57,,,75.0,,,,,,,,,,,86.67,,,
 54,10123464,20012054,AAA AAA54,,,,,,,,,,,,,,,,,75.0,,,,,,,,,,
 55,10123465,20012055,AAA AAA55,,75.76,,85.92,89.47,,100.0,,,77.78,,,,,,,,,,,,,,,,,
 56,10123466,20012056,AAA AAA56,82.22,83.33,,76.36,87.5,,,,75.0,89.29,,,,,,,87.5,,,,,,,93.33,,79.66,
 57,10123467,20012057,AAA AAA57,91.11,86.67,,85.45,94.64,,,,93.75,94.64,,,,,100.0,,,,,,,,,86.67,,89.83,
 58,10123468,20012058,AAA AAA58,82.22,80.0,,78.18,87.5,,,,75.0,80.36,,,,,100.0,,,,,,,,,86.67,,77.12,
 59,10123469,20012059,AAA AAA59,77.78,83.33,,89.09,89.29,,,,87.5,83.93,,,87.5,,,,,,,,,,,80.0,,79.66,
 60,10123470,20012060,AAA AAA60,84.44,86.67,,78.18,83.93,,,,81.25,94.64,,,,,,,100.0,,,,,,,80.0,,77.97,
 61,10123471,20012061,AAA AAA61,88.89,96.67,,85.45,89.29,,,,87.5,100.0,,,,,,,100.0,,,,,,,80.0,,86.44,
 62,10123472,20012062,AAA AAA62,91.11,96.67,,83.64,92.86,,,,87.5,100.0,,,,,,,100.0,,,,,,,86.67,,88.14,
 63,10123473,20012063,AAA AAA63,77.78,80.0,,76.36,85.71,,,,,92.86,,,,,100.0,,,,,,,,,80.0,,76.27,
 64,10123474,20012064,AAA AAA64,84.44,93.33,,78.18,80.36,,,,87.5,92.86,,,,,,,,,,100.0,,,,86.67,,77.97,
 65,10123475,20012065,AAA AAA65,81.82,75.0,,83.61,78.69,,,,92.86,86.67,,,,100.0,,,,,,,,,,82.76,,85.25,
 66,10123476,20012066,AAA AAA66,,81.82,,81.69,87.72,,90.0,81.4,,81.48,,,,,,,,,,,,,,,,,
 67,10123477,20012067,AAA AAA67,75.0,75.0,,83.61,75.41,,,,85.71,76.67,,,,,,,,,,,,,,75.86,,81.97,
 68,10123478,20012068,AAA AAA68,,96.97,,100.0,98.25,,100.0,93.02,,96.3,,,,,,,,,,,,,,,,,
 69,10123479,20012069,AAA AAA69,79.55,,,,,,,,,76.67,,,,,,,,,,,,,,75.86,,75.41,
 70,10123480,20012070,AAA AAA70,75.0,78.57,,78.69,77.05,,,,85.71,76.67,,,,,100.0,,,,,,,,,82.76,,78.69,
 71,10123481,20012071,AAA AAA71,,75.76,,85.92,89.47,,100.0,81.4,,84.62,,,,,,,,,,,,,,,,,
 72,10123482,20012072,AAA AAA72,81.82,78.57,,,78.69,,,,78.57,,,,,,,100.0,,,,,,,,82.76,,78.69,
 73,10123483,20012073,AAA AAA73,88.64,89.29,,81.97,81.97,,,,85.71,86.67,,100.0,,,,,,,,,,,,82.76,,90.16,
 74,10123484,20012074,AAA AAA74,81.82,75.0,,80.33,80.33,,,,85.71,83.33,,,100.0,,,,,,,,,,,82.76,,86.89,
 75,10123485,20012075,AAA AAA75,81.82,85.71,,95.08,86.89,,,,85.71,93.33,,100.0,,,,,,,,,,,,82.76,,95.08,
 76,10123486,20012076,AAA AAA76,,75.0,,,,,,,,,,100.0,,,,,,,,,,,,,,,
 77,10123487,20012077,AAA AAA77,,78.79,,83.1,89.47,,96.43,76.74,,88.46,,,,,,,,,,,,,,,,,
 78,10123488,20012078,AAA AAA78,,,,,,,,,85.71,,,,100.0,,,,,,,,,,,82.76,,75.41,
 79,10123489,20012079,AAA AAA79,,78.79,,90.14,89.47,,100.0,86.05,,84.62,,,,,,,,,,,,,,,,,
,10123490,20012080,AAA AAA80,75.0,75.0,,77.05,77.05,,,,78.57,,,,,,,,,,100.0,,,,,75.86,,75.41,
 82,10123492,20012082,AAA AAA82,,75.0,,80.33,77.05,,,,85.71,76.67,,,,,,,,,100.0,,,,,79.31,,77.05,
 83,10123493,20012083,AAA AAA83,77.27,82.14,,78.69,81.97,,,,92.86,76.67,,,,,100.0,,,,,,,,,82.76,,78.69,
 84,10123494,20012084,AAA AAA84,,75.0,,77.05,77.05,,,,78.57,75.0,,,,,,,,,100.0,,,,,82.76,,75.41,
 85,10123495,20012085,AAA AAA85,,,,,,,,,85.71,,,,,,100.0,,,,,,,,,,,,
 86,10123496,20012086,AAA AAA86,,81.82,,84.51,89.47,,93.1,83.72,,80.77,,,,,,,,,,,,,,,,,
 87,10123497,20012087,AAA AAA87,,,,,,,,,,,,,,,,,,,100.0,,,,,,,77.05,
 88,10123498,20012088,AAA AAA88,,81.82,,87.32,89.47,,90.0,83.72,,100.0,,,,,,,,,,,,,,,,,
 89,10123499,20012089,AAA AAA89,79.55,82.14,,80.33,78.69,,,,85.71,76.67,,,100.0,,,,,,,,,,,82.76,,85.25,
 90,10123500,20012090,AAA AAA90,81.82,78.57,,83.61,81.97,,,,85.71,83.33,,,,,,,,,100.0,,,,,89.66,,88.52,
 91,10123501,20012091,AAA AAA91,77.27,75.0,,75.41,77.05,,,,85.71,76.67,,,100.0,,,,,,,,,,,89.66,,80.33,
 92,10123502,20012092,AAA AAA92,75.0,78.57,,77.05,81.97,,,,85.71,80.0,,100.0,,,,,,,,,,,,82.76,,80.33,
 93,10123503,20012093,AAA AAA93,,,,,,,,,,,,,,,100.0,,,,,,,,,82.76,,75.41,
 94,10123504,20012094,AAA AAA94,100.0,92.86,,98.36,98.36,,,,92.86,96.67,,,,100.0,,,,,,,,,,93.1,,98.36,
 95,10123505,20012095,AAA AAA95,,78.79,,88.73,89.47,,100.0,88.37,,92.31,,,,,,,,,,,,,,,,,
 96,10123506,20012096,AAA AAA96,79.55,85.71,,85.25,81.97,,,,85.71,83.33,,100.0,,,,,,,,,,,,82.76,,90.16,
 97,10123507,20012097,AAA AAA97,,75.0,,,,,,,85.71,,,,100.0,,,,,,,,,,,82.76,,78.69,
 98,10123508,20012098,AAA AAA98,88.64,78.57,,78.69,83.61,,,,85.71,83.33,,,100.0,,,,,,,,,,,89.66,,86.89,
 99,10123509,20012099,AAA AAA99,81.82,78.57,,77.05,,,,,78.57,76.67,,,,100.0,,,,,,,,,,79.31,,88.52,
 100,10123510,20012100,AAA AAA100,75.0,75.0,,,75.41,,,,78.57,,,,,,100.0,,,,,,,,,,,78.69,
 101,10123511,20012101,AAA AAA101,,75.0,,75.0,,,78.26,,,76.19,,,,,,,,,,,,,,,,,
 102,10123512,20012102,AAA AAA102,81.82,78.57,,78.69,,,,,93.33,93.33,,,,,,100.0,,,,,,,,80.0,,83.61,
,10123514,20012104,AAA AAA104,75.0,78.57,,75.41,78.33,,,,93.33,76.67,,,,,,100.0,,,,,,,,80.0,,78.69,
 105,10123515,20012105,AAA AAA105,88.64,78.57,,83.61,83.33,,,,86.67,83.33,,,100.0,,,,,,,,,,,80.0,,85.25,
 106,10123516,20012106,AAA AAA106,88.64,82.14,,85.25,86.67,,,,93.33,86.67,,,100.0,,,,,,,,,,,86.67,,91.8,
 107,10123517,20012107,AAA AAA107,88.64,85.71,,80.33,83.33,,,,100.0,93.33,,,,,,100.0,,,,,,,,80.0,,81.97,
 108,10123518,20012108,AAA AAA108,100.0,96.43,,100.0,96.67,,,,100.0,93.33,,,,100.0,,,,,,,,,,93.33,,100.0,
 109,10123519,20012109,AAA AAA109,,,,,75.86,,,,,,,,,,,,,,,,,,,,,,
 110,10123520,20012110,AAA AAA110,86.36,78.57,,86.89,86.67,,,,100.0,88.33,,,,100.0,,,,,,,,,,93.33,,88.52,
 111,10123521,20012111,AAA AAA111,100.0,92.86,,96.72,95.0,,,,93.33,96.67,,,,100.0,,,,,,,,,,93.33,,96.72,
 112,10123522,20012112,AAA AAA112,86.36,89.29,,88.52,81.67,,,,93.33,90.0,,,,100.0,,,,,,,,,,80.0,,90.16,
 113,10123523,20012113,AAA AAA113,86.36,78.57,,81.97,80.0,,,,86.67,90.0,,,,,,,,,100.0,,,,,86.67,,80.33,
 114,10123524,20012114,AAA AAA114,81.82,89.29,,80.33,78.33,,,,86.67,93.33,,,,100.0,,,,,,,,,,86.67,,85.25,
 115,10123525,20012115,AAA AAA115,88.64,85.71,,75.41,75.0,,,,100.0,93.33,,,,,,,100.0,,,,,,,80.0,,81.97,
 116,10123526,20012116,AAA AAA116,79.55,75.0,,,75.0,,,,86.67,76.67,,,75.0,,,,,,,,,,,80.0,,,
 117,10123527,20012117,AAA AAA117,,75.0,,,,,,,80.0,,,,,,,100.0,,,,,,,,,,75.41,
 118,10123528,20012118,AAA AAA118,,78.79,,88.73,87.72,,100.0,88.37,,84.62,,,,,,,,,,,,,,,,,
 119,10123529,20012119,AAA AAA119,84.09,82.14,,77.05,78.33,,,,80.0,90.0,,100.0,,,,,,,,,,,,80.0,,78.69,
 120,10123530,20012120,AAA AAA120,88.64,82.14,,81.97,90.0,,,,86.67,83.33,,,,,,,,,100.0,,,,,80.0,,85.25,
 121,10123531,20012121,AAA AAA121,81.82,78.57,,81.97,81.67,,,,86.67,86.67,,,,100.0,,,,,,,,,,80.0,,86.89,
 122,10123532,20012122,AAA AAA122,93.18,85.71,,88.52,86.67,,,,100.0,93.33,,,,,,,,,100.0,,,,,86.67,,93.44,
 123,10123533,20012123,AAA AAA123,,78.79,,84.51,80.7,,96.67,93.02,,88.46,,,,,,,,,,,,,,,,,
 124,10123534,20012124,AAA AAA124,,75.76,,85.92,80.7,,96.67,79.07,,84.62,,,,,,,,,,,,,,,,,
,10123535,20012125,AAA AAA125,,75.76,,88.73,91.23,,96.67,86.05,,92.31,,,,,,,,,,,,,,,,,
 127,10123537,20012127,AAA AAA127,77.27,82.14,,78.69,76.67,,,,80.0,83.33,,100.0,,,,,,,,,,,,80.0,,83.61,
 128,10123538,20012128,AAA AAA128,75.0,76.67,,75.86,75.41,,,,80.0,80.65,,,,,,75.0,,,,,,,,80.0,,75.41,
 129,10123539,20012129,AAA AAA129,77.27,78.57,,75.41,76.67,,,,80.0,80.0,,,,,,100.0,,,,,,,,80.0,,81.97,
 130,10123540,20012130,AAA AAA130,81.82,82.14,,78.69,80.0,,,,86.67,86.67,,100.0,,,,,,,,,,,,86.67,,85.25,
 131,10123541,20012131,AAA AAA131,,,,86.96,82.46,,80.0,81.4,,,,,,,,,,,,,,,,,,,
 132,10123542,20012132,AAA AAA132,77.27,83.33,,81.03,78.69,,,,86.67,80.65,,100.0,,,,,,,,,,,,93.33,,80.33,
 133,10123543,20012133,AAA AAA133,77.27,86.67,,81.03,81.97,,,,100.0,87.1,,,,,,,,100.0,,,,,,93.33,,81.97,
 134,10123544,20012134,AAA AAA134,77.27,76.67,,79.31,75.41,,,,80.0,80.65,,,,,,100.0,,,,,,,,86.67,,78.69,
 135,10123545,20012135,AAA AAA135,75.0,90.0,,81.03,,,,,86.67,87.1,,100.0,,,,,,,,,,,,86.67,,78.69,
 136,10123546,20012136,AAA AAA136,79.55,86.67,,84.48,78.69,,,,86.67,83.87,,,100.0,,,,,,,,,,,93.33,,80.33,
 137,10123547,20012137,AAA AAA137,,,,,,,,,,,,100.0,,,,,,,,,,,,80.0,,,
 138,10123548,20012138,AAA AAA138,77.27,,,79.31,,,,,86.67,,,,,,,,,,,,100.0,,,,,75.41,
 139,10123549,20012139,AAA AAA139,77.27,80.0,,79.31,75.41,,,,86.67,80.65,,,,,,,,,,,100.0,,,86.67,,81.97,
 140,10123550,20012140,AAA AAA140,,,,,,,83.33,,,,,,,,,,,,,,,,,,,,
 141,10123551,20012141,AAA AAA141,,80.0,,,,,,,,,,100.0,,,,,,,,,,,,,,,
 143,10123553,20012143,AAA AAA143,79.55,76.67,,81.03,,,,,86.67,77.42,,,,,,,,75.0,,,,,,80.0,,,
 144,10123554,20012144,AAA AAA144,,,,85.51,80.7,,80.0,83.72,,79.41,,,,,,,,,,,,,,,,,
 145,10123555,20012145,AAA AAA145,,,,,,,,,,,,,,100.0,,,,,,,,,,,,,
 146,10123556,20012146,AAA AAA146,77.27,,,,75.41,,,,80.0,77.42,,,,,,,,100.0,,,,,,,,77.05,
,10123557,20012147,AAA AAA147,77.27,80.0,,,,,,,86.67,80.65,,,,,,,,75.0,,,,,,,,75.41,
 148,10123558,20012148,AAA AAA148,,76.67,,79.31,,,,,86.67,,,100.0,,,,,,,,,,,,,,,
 149,10123559,20012149,AAA AAA149,,,,85.51,82.46,,96.67,79.07,,,,,,,,,,,,,,,,,,,
 150,10123560,20012150,AAA AAA150,,76.67,,75.86,,,,,,,,100.0,,,,,,,,,,,,,,,
 151,10123561,20012151,AAA AAA151,84.09,80.0,,77.59,75.41,,,,93.33,87.1,,100.0,,,,,,,,,,,,80.0,,78.69,
 152,10123562,20012152,AAA AAA152,79.55,80.0,,79.31,75.41,,,,86.67,85.48,,100.0,,,,,,,,,,,,80.0,,80.33,
 153,10123563,20012153,AAA AAA153,86.36,83.33,,82.76,78.69,,,,100.0,87.1,,,,,,100.0,,,,,,,,93.33,,83.61,
 154,10123564,20012154,AAA AAA154,,,,86.96,85.96,,93.33,81.4,,76.47,,,,,,,,,,,,,,,,,
 155,10123565,20012155,AAA AAA155,,,,84.06,87.72,,90.0,81.4,,82.35,,,,,,,,,,,,,,,,,
 156,10123566,20012156,AAA AAA156,79.55,90.0,,84.48,80.33,,,,93.33,87.1,,,,,,,,,100.0,,,,,86.67,,81.97,
 158,10123568,20012158,AAA AAA158,86.36,83.33,,89.66,81.97,,,,93.33,83.87,,,,,,,,100.0,,,,,,80.0,,85.25,
 159,10123569,20012159,AAA AAA159,,,,77.59,,,,,80.0,,,,100.0,,,,,,,,,,,80.0,,75.41,
 160,10123570,20012160,AAA AAA160,84.09,83.33,,86.21,81.97,,,,93.33,88.71,,,,,,,,,100.0,,,,,100.0,,90.16,
 161,10123571,20012161,AAA AAA161,84.09,86.67,,86.21,80.33,,,,100.0,83.87,,,,,,,,100.0,,,,,,80.0,,81.97,
 162,10123572,20012162,AAA AAA162,,,,,,,,,,,,,,,,,,87.5,,,,,,,,,
 163,10123573,20012163,AAA AAA163,77.27,76.67,,77.59,81.97,,,,86.67,85.48,,,,,,,,100.0,,,,,,86.67,,81.97,
 164,10123574,20012164,AAA AAA164,79.55,86.67,,81.03,81.97,,,,100.0,85.48,,,,,,,,100.0,,,,,,100.0,,85.25,
 165,10123575,20012165,AAA AAA165,75.0,86.67,,84.48,77.05,,,,93.33,80.65,,,,,,,,87.5,,,,,,,,77.05,
 166,10123576,20012166,AAA AAA166,,,,85.51,91.23,,86.67,,,,,,,,,,,,,,,,,,,,
,10123577,20012167,AAA AAA167,,76.67,,86.21,,,,,80.0,79.03,,100.0,,,,,,,,,,,,80.0,,,
 168,10123578,20012168,AAA AAA168,,78.38,,78.26,85.96,,85.19,81.4,,76.47,,,,,,,,,,,,,,,,,
 169,10123579,20012169,AAA AAA169,75.0,76.67,,81.03,75.41,,,,93.33,,,100.0,,,,,,,,,,,,80.0,,78.69,
 170,10123580,20012170,AAA AAA170,79.55,80.0,,83.33,75.41,,,,80.0,77.78,,,,,,,,,,93.75,,,,80.0,,78.69,
 171,10123581,20012171,AAA AAA171,86.36,80.0,,85.0,77.05,,,,86.67,88.89,,100.0,,,,,,,,,,,,80.0,,80.33,
 172,10123582,20012172,AAA AAA172,90.91,86.67,,81.67,80.33,,,,100.0,88.89,,,,,,,,,100.0,,,,,86.67,,85.25,
 173,10123583,20012173,AAA AAA173,93.18,83.33,,91.67,78.69,,,,86.67,88.89,,,100.0,,,,,,,,,,,93.33,,86.89,
 174,10123584,20012174,AAA AAA174,77.27,80.0,,80.0,,,,,80.0,,,,,,,,,,,,100.0,,,86.67,,80.33,
 175,10123585,20012175,AAA AAA175,97.73,80.0,,83.33,80.33,,,,80.0,85.19,,,100.0,,,,,,,,,,,93.33,,85.25,
 176,10123586,20012176,AAA AAA176,75.0,,,75.0,75.41,,,,,,,,,,100.0,,,,,,,,,80.0,,75.41,
 177,10123587,20012177,AAA AAA177,79.55,83.33,,76.67,77.05,,,,86.67,85.19,,,,,,,,87.5,,,,,,80.0,,78.69,
 178,10123588,20012178,AAA AAA178,75.0,83.33,,84.48,,,,,80.0,80.65,,100.0,,,,,,,,,,,,86.67,,75.41,
 179,10123589,20012179,AAA AAA179,75.0,76.67,,83.33,75.41,,,,80.0,,,100.0,,,,,,,,,,,,,,,
 180,10123590,20012180,AAA AAA180,81.82,76.67,,86.67,75.41,,,,93.33,77.78,,,,,,,,100.0,,,,,,100.0,,80.33,
 181,10123591,20012181,AAA AAA181,84.09,100.0,,86.67,81.97,,,,86.67,81.48,,,,,,,,,,100.0,,,,86.67,,83.61,
 182,10123592,20012182,AAA AAA182,79.55,76.67,,83.33,77.05,,,,86.67,83.33,,,100.0,,,,,,,,,,,86.67,,80.33,
 183,10123593,20012183,AAA AAA183,81.82,76.67,,83.33,,,,,80.0,,,,,,,,,,100.0,,,,,93.33,,80.33,
 184,10123594,20012184,AAA AAA184,75.0,86.67,,88.33,77.05,,,,93.33,,,100.0,,,,,,,,,,,,86.67,,78.69,
 185,10123595,20012185,AAA AAA185,84.09,93.33,,90.0,81.97,,,,93.33,,,100.0,,,,,,,,,,,,80.0,,80.33,
 186,10123596,20012186,AAA AAA186,84.09,86.67,,80.0,75.41,,,,80.0,77.78,,100.0,,,,,,,,,,,,80.0,,80.33,
 187,10123597,20012187,AAA AAA187,,,,78.33,,,,,,75.93,,,75.0,,,,,,,,,,,,,,
,10123598,20012188,AAA AAA188,77.27,86.67,,86.67,77.05,,,,100.0,75.93,,100.0,,,,,,,,,,,,93.33,,,
 189,10123599,20012189,AAA AAA189,,76.92,,87.14,91.23,,100.0,86.05,,85.71,,,,,,,,,,,,,,,,,
 190,10123600,20012190,AAA AAA190,75.0,76.67,,81.67,,,,,80.0,,,100.0,,,,,,,,,,,,80.0,,,
 191,10123601,20012191,AAA AAA191,93.18,96.67,,91.67,85.25,,,,93.33,92.59,,,,,,,100.0,,,,,,,100.0,,93.44,
 192,10123602,20012192,AAA AAA192,79.55,83.33,,80.0,75.41,,,,80.0,,,,,,,75.0,,,,,,,,86.67,,77.05,
 193,10123603,20012193,AAA AAA193,75.0,76.67,,80.0,75.41,,,,,77.78,,,,,,,,,,,100.0,,,80.0,,,
 194,10123604,20012194,AAA AAA194,77.27,80.0,,88.33,75.41,,,,80.0,81.48,,,,,,,,100.0,,,,,,93.33,,80.33,
 195,10123605,20012195,AAA AAA195,90.91,86.67,,90.0,78.69,,,,86.67,88.89,,,,100.0,,,,,,,,,,100.0,,86.89,
 196,10123606,20012196,AAA AAA196,77.27,80.0,,85.0,78.69,,,,86.67,85.19,,,,,,,,100.0,,,,,,100.0,,81.97,
 197,10123607,20012197,AAA AAA197,95.45,90.0,,93.33,88.52,,,,100.0,96.3,,,,,100.0,,,,,,,,,100.0,,91.8,
 198,10123608,20012198,AAA AAA198,,,,82.86,85.96,,86.67,79.07,,82.14,,,,,,,,,,,,,,,,,
 199,10123609,20012199,AAA AAA199,77.27,83.33,,85.0,77.05,,,,86.67,,,,,,100.0,,,,,,,,,86.67,,81.97,
 200,10123610,20012200,AAA AAA200,75.0,80.0,,83.33,75.41,,,,80.0,77.78,,,,,100.0,,,,,,,,,86.67,,83.61,
 201,10123611,20012201,AAA AAA201,89.13,89.29,,85.96,79.03,,,,93.33,90.91,,,,,,,,,100.0,,,,,93.33,,93.22,
 202,10123612,20012202,AAA AAA202,84.78,92.86,,92.98,87.1,,,,93.33,87.27,,,,,,100.0,,,,,,,,93.33,,91.53,
 203,10123613,20012203,AAA AAA203,95.45,100.0,,95.0,91.8,,,,100.0,96.3,,,,,100.0,,,,,,,,,100.0,,91.8,
 204,10123614,20012204,AAA AAA204,,78.79,,,82.46,,90.0,,,82.14,,,,,,,,,,,,,,,,,
 205,10123615,20012205,AAA AAA205,78.26,78.57,,77.19,80.65,,,,86.67,83.64,,,,,,,,,100.0,,,,,93.33,,79.66,
 206,10123616,20012206,AAA AAA206,76.09,82.14,,80.7,77.42,,,,86.67,80.0,,,75.0,,,,,,,,,,,80.0,,76.27,
 207,10123617,20012207,AAA AAA207,80.43,85.71,,84.21,75.81,,,,86.67,76.36,,,,,,100.0,,,,,,,,93.33,,82.2,
 208,10123618,20012208,AAA AAA208,78.26,85.71,,82.46,79.03,,,,86.67,83.64,,,,,,,,100.0,,,,,,93.33,,81.36,
 209,10123619,20012209,AAA AAA209,84.78,92.86,,91.23,88.71,,,,93.33,87.27,,,,,,,,,,,100.0,,,100.0,,86.44,
 210,10123620,20012210,AAA AAA210,,,,,,,,,,76.36,,100.0,,,,,,,,,,,,,,,
 211,10123621,20012211,AAA AAA211,80.43,89.29,,87.72,80.65,,,,86.67,80.0,,100.0,,,,,,,,,,,,93.33,,84.75,
 212,10123622,20012212,AAA AAA212,82.61,82.14,,82.46,79.03,,,,86.67,80.0,,,,,,100.0,,,,,,,,86.67,,81.36,
 213,10123623,20012213,AAA AAA213,78.26,82.14,,77.19,75.81,,,,93.33,76.36,,,,,,100.0,,,,,,,,86.67,,75.42,
 214,10123624,20012214,AAA AAA214,82.61,89.29,,84.21,83.87,,,,86.67,83.64,,87.5,,,,,,,,,,,,86.67,,81.36,
 215,10123625,20012215,AAA AAA215,76.09,85.71,,80.7,79.03,,,,80.0,80.0,,,,,,,,,100.0,,,,,80.0,,79.66,
 216,10123626,20012216,AAA AAA216,,,,,,,,,,,,,,,,100.0,,,,,,,,,,,
 217,10123627,20012217,AAA AAA217,80.43,82.14,,84.21,80.65,,,,93.33,80.0,,,,,,100.0,,,,,,,,93.33,,76.27,
 218,10123628,20012218,AAA AAA218,76.09,78.57,,82.46,77.42,,,,86.67,76.36,,,,,,100.0,,,,,,,,93.33,,,
 219,10123629,20012219,AAA AAA219,80.43,92.86,,85.96,82.26,,,,86.67,80.0,,,,,,,,,100.0,,,,,86.67,,88.14,
 220,10123630,20012220,AAA AAA220,89.13,85.71,,92.98,80.65,,,,93.33,90.91,,,,100.0,,,,,,,,,,80.0,,93.22,
 221,10123631,20012221,AAA AAA221,76.09,82.14,,78.95,77.42,,,,86.67,83.64,,,,,,,,87.5,,,,,,80.0,,83.05,
 222,10123632,20012222,AAA AAA222,76.09,82.14,,80.7,79.03,,,,80.0,80.0,,,,,,,,,100.0,,,,,80.0,,76.27,
 223,10123633,20012223,AAA AAA223,78.26,78.57,,84.21,77.42,,,,,90.91,,100.0,,,,,,,,,,,,100.0,,,
,10123634,20012224,AAA AAA224,82.61,82.14,,84.21,80.65,,,,80.0,80.0,,,,,,,100.0,,,,,,,86.67,,81.36,
 225,10123635,20012225,AAA AAA225,80.43,85.71,,85.96,77.42,,,,80.0,80.0,,,100.0,,,,,,,,,,,86.67,,84.75,
 226,10123636,20012226,AAA AAA226,76.09,78.57,,75.44,75.81,,,,,,,,,,,,,75.0,,,,,,86.67,,76.27,
 227,10123637,20012227,AAA AAA227,78.26,85.71,,80.7,82.26,,,,80.0,80.0,,,,100.0,,,,,,,,,,80.0,,77.97,
 228,10123638,20012228,AAA AAA228,,78.57,,80.7,77.42,,,,,,,100.0,,,,,,,,,,,,80.0,,,
 229,10123639,20012229,AAA AAA229,76.09,82.14,,85.96,79.03,,,,93.33,83.64,,,,,,,,100.0,,,,,,93.33,,81.36,
 230,10123640,20012230,AAA AAA230,84.78,78.57,,92.98,87.1,,,,100.0,83.64,,100.0,,,,,,,,,,,,93.33,,77.97,
 231,10123641,20012231,AAA AAA231,76.09,82.14,,78.95,79.03,,,,86.67,83.64,,,75.0,,,,,,,,,,,86.67,,77.97,
 232,10123642,20012232,AAA AAA232,,,,78.95,75.81,,,,,76.36,,,100.0,,,,,,,,,,,80.0,,,
 233,10123643,20012233,AAA AAA233,82.61,85.71,,82.46,83.87,,,,93.33,83.64,,,,,,100.0,,,,,,,,93.33,,77.97,
 234,10123644,20012234,AAA AAA234,76.09,82.14,,84.21,77.42,,,,86.67,80.0,,,,,,,,75.0,,,,,,80.0,,76.27,
 235,10123645,20012235,AAA AAA235,78.26,89.29,,89.47,88.52,,,,84.62,80.65,,,,,,100.0,,,,,,,,80.0,,83.05,
 236,10123646,20012236,AAA AAA236,76.09,82.14,,80.7,78.69,,,,84.62,77.42,,,,,,,,100.0,,,,,,80.0,,77.97,
 237,10123647,20012237,AAA AAA237,76.09,82.14,,91.23,86.89,,,,84.62,83.87,,,,,,100.0,,,,,,,,76.67,,86.44,
 238,10123648,20012238,AAA AAA238,80.43,85.71,,89.47,80.33,,,,84.62,87.1,,,,,,,,,,,,,,83.33,,89.83,
 239,10123649,20012239,AAA AAA239,,75.76,,83.33,78.95,,80.0,76.74,,78.57,,,,,,,,,,,,,,,,,
 240,10123650,20012240,AAA AAA240,,90.91,,77.5,92.98,,96.67,95.35,,92.86,,,,,,,,,,,,,,,,,
 241,10123651,20012241,AAA AAA241,80.43,78.57,,78.95,78.69,,,,84.62,80.65,,,,,,,,100.0,,,,,,80.0,,79.66,
 242,10123652,20012242,AAA AAA242,89.13,89.29,,92.98,91.8,,,,84.62,87.1,,,,,,,,100.0,,,,,,93.33,,98.31,
 243,10123653,20012243,AAA AAA243,,,,,,,90.0,,,,,,,,,,,,,,,,,,,,
 244,10123654,20012244,AAA AAA244,,,,,75.41,,,,,,,,,100.0,,,,,,,,,,,,,
 245,10123655,20012245,AAA AAA245,80.43,85.71,,91.23,81.97,,,,76.92,87.1,,,,100.0,,,,,,,,,,86.67,,83.05,
 246,10123656,20012246,AAA AAA246,82.61,89.29,,89.47,86.89,,,,92.31,83.87,,,,,,,100.0,,,,,,,86.67,,83.05,
 247,10123657,20012247,AAA AAA247,95.65,100.0,,96.49,100.0,,,,100.0,96.77,,,,,,,,,,,100.0,,,86.67,,96.61,
 248,10123658,20012248,AAA AAA248,82.61,89.29,,89.47,86.89,,,,92.31,93.55,,,,,100.0,,,,,,,,,86.67,,89.83,
 249,10123659,20012249,AAA AAA249,80.43,82.14,,84.21,81.97,,,,84.62,83.87,,,,100.0,,,,,,,,,,86.67,,86.44,
 250,10123660,20012250,AAA AAA250,78.26,78.57,,85.96,77.05,,,,76.92,80.65,,,,,,,100.0,,,,,,,80.0,,84.75,
 251,10123661,20012251,AAA AAA251,86.96,78.57,,91.23,77.05,,,,76.92,90.32,,,,,100.0,,,,,,,,,80.0,,83.05,
 252,10123662,20012252,AAA AAA252,76.09,85.71,,85.96,80.33,,,,84.62,77.42,,,,,,,,100.0,,,,,,80.0,,79.66,
 253,10123663,20012253,AAA AAA253,76.09,,,75.44,77.05,,,,84.62,77.42,,,75.0,,,,,,,,,,,,,,
 254,10123664,20012254,AAA AAA254,76.09,85.71,,85.96,80.33,,,,84.62,80.65,,,,,,,,100.0,,,,,,80.0,,83.05,
 255,10123665,20012255,AAA AAA255,76.09,82.14,,75.44,77.05,,,,84.62,77.42,,,,,,,100.0,,,,,,,80.0,,83.05,
 256,10123666,20012256,AAA AAA256,,79.17,,78.95,,,,,88.89,77.42,,,,,,,100.0,,,,,,,,,,
 257,10123667,20012257,AAA AAA257,,78.57,,82.46,75.41,,,,76.92,77.42,,,,,,,,,75.0,,,,,80.0,,76.27,
 258,10123668,20012258,AAA AAA258,,75.0,,75.44,75.41,,,,84.62,,,,,,,,87.5,,,,,,,80.0,,,
 259,10123669,20012259,AAA AAA259,,,,78.95,,,,,84.62,,,,,,,,87.5,,,,,,,86.67,,76.27,
 260,10123670,20012260,AAA AAA260,,85.71,,80.7,77.05,,,,92.31,77.42,,,,,,,,100.0,,,,,,80.0,,76.27,
 261,10123671,20012261,AAA AAA261,,,,78.95,,,,,76.92,,,,,,,,87.5,,,,,,,,,,
 262,10123672,20012262,AAA AAA262,76.09,89.29,,78.95,77.05,,,,84.62,,,,,,,100.0,,,,,,,,80.0,,,
 263,10123673,20012263,AAA AAA263,76.09,78.57,,82.46,,,,,76.92,77.42,,,,,,,,,,,100.0,,,86.67,,83.05,
 264,10123674,20012264,AAA AAA264,76.09,92.86,,92.98,81.97,,,,84.62,87.1,,,,,,,100.0,,,,,,,80.0,,86.44,
 265,10123675,20012265,AAA AAA265,80.43,85.71,,87.72,75.41,,,,76.92,80.65,,,,,,,,,,,100.0,,,86.67,,88.14,
 266,10123676,20012266,AAA AAA266,,87.88,,75.0,82.46,,93.33,83.72,,82.14,,,,,,,,,,,,,,,,,
 267,10123677,20012267,AAA AAA267,82.61,78.57,,85.96,77.05,,,,92.31,83.87,,,,,,,,,,,100.0,,,86.67,,84.75,
 268,10123678,20012268,AAA AAA268,,,,,,,,,76.92,,,,,,,,,75.0,,,,,,80.0,,,
 269,10123679,20012269,AAA AAA269,78.26,89.29,,84.21,80.33,,,,84.62,87.1,,,,100.0,,,,,,,,,,80.0,,76.27,
 270,10123680,20012270,AAA AAA270,78.26,82.14,,82.46,75.41,,,,76.92,77.42,,,,,,,87.5,,,,,,,86.67,,76.27,
 271,10123681,20012271,AAA AAA271,80.43,75.0,,85.96,80.33,,,,84.62,83.87,,,,,,,100.0,,,,,,,80.0,,81.36,
 272,10123682,20012272,AAA AAA272,,78.57,,84.21,,,,,,,,,,,,,100.0,,,,,,,80.0,,,
 273,10123683,20012273,AAA AAA273,85.11,83.33,,80.0,75.44,,,,80.0,80.0,,,,,,,100.0,,,,,,,80.0,,78.99,
 274,10123684,20012274,AAA AAA274,76.6,80.0,,78.33,75.44,,,,80.0,83.33,,,,,,,100.0,,,,,,,93.33,,79.83,
 275,10123685,20012275,AAA AAA275,97.87,100.0,,98.33,100.0,,,,100.0,100.0,,,,,,,100.0,,,,,,,93.33,,100.0,
 276,10123686,20012276,AAA AAA276,,,,,,,,,,,,,,,,,,100.0,,,,,,,,,
 277,10123687,20012277,AAA AAA277,78.72,80.0,,81.67,80.7,,,,80.0,86.67,,,100.0,,,,,,,,,,,86.67,,78.15,
 279,10123689,20012279,AAA AAA279,78.72,86.67,,81.67,82.46,,,,86.67,86.67,,100.0,,,,,,,,,,,,86.67,,81.51,
 280,10123690,20012280,AAA AAA280,76.6,80.0,,81.67,78.95,,,,80.0,80.0,,,,,,,75.0,,,,,,,80.0,,76.47,
,10123691,20012281,AAA AAA281,78.72,83.33,,90.0,80.7,,,,93.33,86.67,,,,100.0,,,,,,,,,,80.0,,78.99,
 282,10123692,20012282,AAA AAA282,76.6,80.0,,76.67,78.95,,,,80.0,80.0,,,,,,,,,100.0,,,,,80.0,,76.47,
 283,10123693,20012283,AAA AAA283,,,,,,,,,80.0,,,,,,,,100.0,,,,,,,80.0,,,
 284,10123694,20012284,AAA AAA284,,76.67,,,,,,,80.0,80.0,,,,,,100.0,,,,,,,,80.0,,78.15,
 285,10123695,20012285,AAA AAA285,,86.49,,85.33,96.49,,100.0,95.35,,96.43,,,,,,,,,,,,,,,,,
 286,10123696,20012286,AAA AAA286,85.11,86.67,,85.0,87.72,,,,86.67,90.0,,,,,,,,100.0,,,,,,86.67,,83.19,
 287,10123697,20012287,AAA AAA287,78.72,80.0,,76.67,75.44,,,,80.0,76.67,,,,,,,,,,,100.0,,,86.67,,76.47,
 288,10123698,20012288,AAA AAA288,,,,,,,,,80.0,,,,75.0,,,,,,,,,,,80.0,,,
 289,10123699,20012289,AAA AAA289,76.6,90.0,,81.67,78.95,,,,86.67,86.67,,,,,,,,,100.0,,,,,86.67,,79.83,
 290,10123700,20012290,AAA AAA290,76.6,86.67,,83.33,78.95,,,,100.0,93.33,,,,100.0,,,,,,,,,,86.67,,77.31,
 291,10123701,20012291,AAA AAA291,80.85,83.33,,85.0,82.46,,,,80.0,83.33,,,,,,,,,100.0,,,,,86.67,,79.83,
 292,10123702,20012292,AAA AAA292,78.72,80.0,,80.0,84.21,,,,93.33,80.0,,,,100.0,,,,,,,,,,80.0,,78.15,
 293,10123703,20012293,AAA AAA293,89.36,90.0,,90.0,91.23,,,,100.0,90.0,,,,,,,100.0,,,,,,,100.0,,89.92,
 294,10123704,20012294,AAA AAA294,,78.38,,78.67,82.46,,93.33,83.72,,89.29,,,,,,,,,,,,,,,,,
 295,10123705,20012295,AAA AAA295,80.85,83.33,,83.33,80.7,,,,80.0,83.33,,,,,,,,,100.0,,,,,80.0,,78.15,
 296,10123706,20012296,AAA AAA296,82.98,86.67,,83.33,84.21,,,,80.0,80.0,,,,,,,,,100.0,,,,,80.0,,79.83,
 297,10123707,20012297,AAA AAA297,,75.68,,76.0,80.7,,93.33,76.74,,78.57,,,,,,,,,,,,,,,,,
 298,10123708,20012298,AAA AAA298,,75.68,,77.33,84.21,,96.67,83.72,,82.14,,,,,,,,,,,,,,,,,
 299,10123709,20012299,AAA AAA299,78.72,80.0,,83.33,78.95,,,,86.67,80.0,,,,100.0,,,,,,,,,,80.0,,78.15,
 301,10123711,20012301,AAA AAA301,85.11,,,,,,,,93.33,80.0,,,,,,100.0,,,,,,,,86.67,,,
 302,10123712,20012302,AAA AAA302,,,,,,,,,,,,,,,,,100.0,,,,,,,80.0,,,
 303,10123713,20012303,AAA AAA303,76.6,83.33,,76.67,77.19,,,,86.67,80.0,,100.0,,,,,,,,,,,,80.0,,78.15,
 304,10123714,20012304,AAA AAA304,87.23,90.0,,85.71,83.05,,,,80.0,81.48,,,,,,,,,100.0,,,,,85.71,,82.64,
 305,10123715,20012305,AAA AAA305,80.85,80.0,,82.54,84.75,,,,86.67,81.48,,,,,,,100.0,,,,,,,85.71,,77.69,
 306,10123716,20012306,AAA AAA306,,,,,,,,,86.67,,,,,,,,,,100.0,,,,,85.71,,76.03,
 307,10123717,20012307,AAA AAA307,80.85,83.33,,77.78,77.97,,,,80.0,85.19,,,,,100.0,,,,,,,,,78.57,,84.3,
 308,10123718,20012308,AAA AAA308,80.85,80.0,,82.54,77.97,,,,100.0,88.89,,,,,,,,,,,100.0,,,92.86,,77.69,
 309,10123719,20012309,AAA AAA309,,,,76.0,85.96,,93.33,83.72,,89.29,,,,,,,,,,,,,,,,,
 310,10123720,20012310,AAA AAA310,,78.38,,80.0,91.23,,90.0,93.02,,92.86,,,,,,,,,,,,,,,,,
 311,10123721,20012311,AAA AAA311,82.98,86.67,,79.37,81.36,,,,80.0,81.48,,,100.0,,,,,,,,,,,92.86,,77.69,
 312,10123722,20012312,AAA AAA312,,91.89,,82.67,96.49,,100.0,95.35,,100.0,,,,,,,,,,,,,,,,,
 313,10123723,20012313,AAA AAA313,78.72,80.0,,76.19,79.66,,,,80.0,77.78,,,,,,,,,100.0,,,,,85.71,,76.03,
 314,10123724,20012314,AAA AAA314,82.98,86.67,,85.71,83.05,,,,80.0,81.48,,,,,,,,,,,100.0,,,92.86,,83.47,
 315,10123725,20012315,AAA AAA315,93.62,93.33,,87.3,91.53,,,,80.0,88.89,,,,100.0,,,,,,,,,,92.86,,91.74,
 316,10123726,20012316,AAA AAA316,80.85,80.0,,85.71,79.66,,,,80.0,81.48,,,,,,,,,,100.0,,,,78.57,,76.86,
 317,10123727,20012317,AAA AAA317,93.62,93.33,,87.3,88.14,,,,93.33,92.59,,,,,,100.0,,,,,,,,92.86,,89.26,
 318,10123728,20012318,AAA AAA318,76.6,80.0,,77.78,76.27,,,,80.0,81.48,,,,,,,,100.0,,,,,,78.57,,76.03,
 319,10123729,20012319,AAA AAA319,85.11,93.33,,88.89,79.66,,,,86.67,81.48,,100.0,,,,,,,,,,,,78.57,,77.69,
 320,10123730,20012320,AAA AAA320,76.6,,,,,,,,80.0,,,,,,,100.0,,,,,,,,78.57,,,
 321,10123731,20012321,AAA AAA321,,,,,,,,,,,,,,,,,,,87.5,,,,,85.71,,,
 322,10123732,20012322,AAA AAA322,78.72,83.33,,80.95,86.44,,,,93.33,85.19,,,,,,,,100.0,,,,,,92.86,,76.03,
 323,10123733,20012323,AAA AAA323,76.6,76.67,,76.19,76.27,,,,80.0,77.78,,,,,100.0,,,,,,,,,78.57,,77.69,
 324,10123734,20012324,AAA AAA324,,75.68,,80.0,89.47,,100.0,83.72,,89.29,,,,,,,,,,,,,,,,,
 325,10123735,20012325,AAA AAA325,82.98,86.67,,84.13,77.97,,,,86.67,77.78,,,,,,,,100.0,,,,,,85.71,,79.34,
 326,10123736,20012326,AAA AAA326,,78.38,,77.33,91.23,,96.67,83.72,,96.43,,,,,,,,,,,,,,,,,
 327,10123737,20012327,AAA AAA327,85.11,90.0,,82.54,86.44,,,,93.33,81.48,,,,,,100.0,,,,,,,,92.86,,77.69,
 328,10123738,20012328,AAA AAA328,85.11,86.67,,88.89,79.66,,,,86.67,88.89,,,,,,,,,100.0,,,,,92.86,,79.34,
 329,10123739,20012329,AAA AAA329,89.36,90.0,,84.13,79.66,,,,93.33,88.89,,,,,,,,,,,100.0,,,92.86,,79.34,
 330,10123740,20012330,AAA AAA330,78.72,86.67,,88.89,81.36,,,,86.67,81.48,,,,,,,,,100.0,,,,,92.86,,77.69,
 331,10123741,20012331,AAA AAA331,78.72,76.67,,76.19,79.66,,,,86.67,88.89,,,,,,,,100.0,,,,,,85.71,,76.03,
 332,10123742,20012332,AAA AAA332,80.85,90.0,,85.71,83.05,,,,80.0,92.59,,,,,,,,,100.0,,,,,92.86,,82.64,
 333,10123743,20012333,AAA AAA333,78.72,93.33,,84.13,83.05,,,,93.33,92.59,,,,,,,,,,,100.0,,,92.86,,79.34,
 334,10123744,20012334,AAA AAA334,,,,,,,,,80.0,,,,,,,100.0,,,,,,,,78.57,,,
 335,10123745,20012335,AAA AAA335,,76.67,,,,,,,80.0,81.48,,,,,,,,,,,100.0,,,,,,
 336,10123746,20012336,AAA AAA336,,,93.33,93.22,,89.66,,,93.75,,84.48,,,,100.0,,,,,,,,,,87.5,93.44,93.33
 337,10123747,20012337,AAA AAA337,,,77.78,84.75,,87.93,,,93.75,,75.86,,,,100.0,,,,,,,,,,87.5,77.05,93.33
 338,10123748,20012338,AAA AAA338,85.11,86.67,,85.71,83.05,,,,80.0,85.19,,,75.0,,,,,,,,,,,85.71,,79.34,
,10123749,20012339,AAA AAA339,,,,,,,,,75.0,,,,,,75.0,,,,,,,,,,,,
 340,10123750,20012340,AAA AAA340,,,77.78,76.27,,,,,87.5,,,,,,,,,,100.0,,,,,,81.25,,93.33
 341,10123751,20012341,AAA AAA341,,,77.78,88.14,,82.76,,,100.0,,84.48,,,,75.0,,,,,,,,,,87.5,90.16,93.33
 342,10123752,20012342,AAA AAA342,,83.87,,87.69,91.67,100.0,90.32,80.49,,87.1,,,,,,,,,,,,,,,,,
 343,10123753,20012343,AAA AAA343,,87.1,,92.31,95.0,100.0,87.1,95.12,,83.87,,,,,,,,,,,,,,,,,
 344,10123754,20012344,AAA AAA344,,,,83.08,83.33,100.0,77.42,82.93,,77.42,,,,,,,,,,,,,,,,,
 345,10123755,20012345,AAA AAA345,,77.42,,86.15,95.0,100.0,93.55,85.37,,80.65,,,,,,,,,,,,,,,,,
 346,10123756,20012346,AAA AAA346,,77.42,,81.54,81.67,100.0,90.32,85.37,,80.65,,,,,,,,,,,,,,,,,
 347,10123757,20012347,AAA AAA347,,,,76.27,,,,,,,,,,,,,,,,100.0,,,,,,,
 348,10123758,20012348,AAA AAA348,,,,,,,,,,,,,,100.0,,,,,,,,,,,,,
 349,10123759,20012349,AAA AAA349,,87.1,,89.23,95.0,100.0,93.55,90.24,,90.32,,,,,,,,,,,,,,,,,
 350,10123760,20012350,AAA AAA350,,87.1,,87.69,90.0,100.0,80.65,85.37,,80.65,,,,,,,,,,,,,,,,,
 351,10123761,20012351,AAA AAA351,,,82.22,88.14,,87.93,,,87.5,,77.59,,,,100.0,,,,,,,,,,87.5,81.97,93.33
 352,10123762,20012352,AAA AAA352,,,88.89,84.75,,84.48,,,100.0,,86.21,,,,,100.0,,,,,,,,,93.75,88.52,93.33
 353,10123763,20012353,AAA AAA353,,,75.56,83.05,,81.03,,,93.75,,81.03,,,100.0,,,,,,,,,,,87.5,77.05,
 354,10123764,20012354,AAA AAA354,,,77.78,91.53,,81.03,,,93.75,,81.03,,,,,,,100.0,,,,,,,81.25,83.61,80.0
 355,10123765,20012355,AAA AAA355,,,75.56,,,77.59,,,81.25,,,,,100.0,,,,,,,,,,,75.0,,80.0
 356,10123766,20012356,AAA AAA356,,,88.89,86.44,,87.93,,,100.0,,87.93,,,,,100.0,,,,,,,,,100.0,90.16,100.0
 357,10123767,20012357,AAA AAA357,,,,,,,,,81.25,,,,,,,,100.0,,,,,,,,81.25,80.33,86.67
 358,10123768,20012358,AAA AAA358,,,,,,,,,,,,,,,,,100.0,,,,,,,,,,
 359,10123769,20012359,AAA AAA359,,,,,,,,,81.25,,,,,100.0,,,,,,,,,,,,,
 360,10123770,20012360,AAA AAA360,,,82.22,79.66,,86.21,,,100.0,,86.21,,,,,,100.0,,,,,,,,93.75,88.52,86.67
 361,10123771,20012361,AAA AAA361,,,80.0,79.66,,79.31,,,81.25,,75.86,,,100.0,,,,,,,,,,,75.0,78.69,86.67
 362,10123772,20012362,AAA AAA362,,,,,,,,,81.25,,,,,,,,,,100.0,,,,,,75.0,,80.0
 363,10123773,20012363,AAA AAA363,,,88.89,89.83,,93.1,,,100.0,,89.66,,,,,,,,,100.0,,,,,87.5,90.16,93.33
 364,10123774,20012364,AAA AAA364,,,,,,,,,75.0,,,,,,,,,,,,,,,,75.0,,
 365,10123775,20012365,AAA AAA365,,,,75.38,,100.0,80.65,,,,,,,,,,,,,,,,,,,,
 366,10123776,20012366,AAA AAA366,,,,,,,,,75.0,,,,,,100.0,,,,,,,,,,,,
 367,10123777,20012367,AAA AAA367,,90.32,,86.15,95.0,100.0,90.32,95.12,,80.65,,,,,,,,,,,,,,,,,
 368,10123778,20012368,AAA AAA368,,,82.22,83.05,,82.76,,,100.0,,,,,,,,,,,100.0,,,,,93.75,83.61,86.67
 369,10123779,20012369,AAA AAA369,,,,,,75.86,,,75.0,,,,,,100.0,,,,,,,,,,87.5,,
 370,10123780,20012370,AAA AAA370,,,82.22,83.05,,91.38,,,87.5,,82.76,,,100.0,,,,,,,,,,,87.5,85.25,93.33
 371,10123781,20012371,AAA AAA371,,,,,,,,,,,,,,,,,,,,100.0,,,,,,,
 372,10123782,20012372,AAA AAA372,,,77.78,83.61,,80.0,,,80.0,,79.31,,,,,100.0,,,,,,,,,92.86,,86.67
 373,10123783,20012373,AAA AAA373,,,,,,,,,,,,,,,75.0,,,,,,,,,,,,
 374,10123784,20012374,AAA AAA374,,77.42,,83.08,83.33,100.0,,92.68,,80.65,,,,,,,,,,,,,,,,,
 375,10123785,20012375,AAA AAA375,,,80.0,88.52,,83.33,,,100.0,,81.03,,,,,,,100.0,,,,,,,85.71,88.33,86.67
 376,10123786,20012376,AAA AAA376,,,84.44,91.8,,93.33,,,100.0,,86.21,,,,,,,,,100.0,,,,,92.86,83.33,93.33
 377,10123787,20012377,AAA AAA377,,,,,,,,,,,,,,,,,,,,100.0,,,,,,,
 378,10123788,20012378,AAA AAA378,,,82.22,85.25,,83.33,,,86.67,,86.21,,,,,,,,,100.0,,,,,92.86,78.33,93.33
 379,10123789,20012379,AAA AAA379,,,,,,,,,,,,,,,,100.0,,,,,,,,,78.57,,
 380,10123790,20012380,AAA AAA380,,,,,,,,,,,,,,,,,,,,87.5,,,,,,,
 381,10123791,20012381,AAA AAA381,,,88.89,88.52,,88.33,,,86.67,,86.21,,100.0,,,,,,,,,,,,85.71,83.33,93.33
 382,10123792,20012382,AAA AAA382,,,84.44,85.25,,91.67,,,100.0,,84.48,100.0,,,,,,,,,,,,,78.57,91.67,93.33
 383,10123793,20012383,AAA AAA383,,,,,,,,,,,,,,,,,100.0,,,,,,,,,,
 384,10123794,20012384,AAA AAA384,,,84.44,80.33,,90.0,,,86.67,,84.48,,100.0,,,,,,,,,,,,78.57,85.0,93.33
 385,10123795,20012385,AAA AAA385,,,82.22,77.05,,80.0,,,,,,100.0,,,,,,,,,,,,,78.57,,
 386,10123796,20012386,AAA AAA386,,,,,,,,,,,,,,,,,,100.0,,,,,,,78.57,,
 387,10123797,20012387,AAA AAA387,,,84.44,80.33,,93.33,,,86.67,,81.03,,,,,,,,,100.0,,,,,78.57,85.0,86.67
 388,10123798,20012388,AAA AAA388,,,88.89,83.61,,81.67,,,86.67,,75.86,,,,,,,100.0,,,,,,,85.71,81.67,80.0
 389,10123799,20012389,AAA AAA389,,,77.78,83.61,,80.0,,,86.67,,84.48,,,,100.0,,,,,,,,,,85.71,83.33,80.0
 390,10123800,20012390,AAA AAA390,,83.87,,84.62,86.67,100.0,87.1,85.37,,83.87,,,,,,,,,,,,,,,,,
 391,10123801,20012391,AAA AAA391,,,,,,81.67,,,80.0,,,,,,,,,,100.0,,,,,,78.57,,80.0
 392,10123802,20012392,AAA AAA392,,,80.0,88.52,,86.67,,,100.0,,84.48,,,,,,,100.0,,,,,,,78.57,93.33,80.0
 393,10123803,20012393,AAA AAA393,,,75.56,75.41,,75.0,,,80.0,,77.59,,,,,,,,,100.0,,,,,78.57,,
,10123804,20012394,AAA AAA394,,,84.44,85.25,,91.67,,,100.0,,86.21,,,,,,,,,100.0,,,,,92.86,81.67,93.33
 395,10123805,20012395,AAA AAA395,,,77.78,77.05,,81.67,,,86.67,,81.03,,,,,100.0,,,,,,,,,85.71,75.0,93.33
 396,10123806,20012396,AAA AAA396,,,,,,,,,,,,100.0,,,,,,,,,,,,,,,
 397,10123807,20012397,AAA AAA397,,77.42,,84.62,91.67,100.0,83.87,82.93,,,,,,,,,,,,,,,,,,,
 398,10123808,20012398,AAA AAA398,,,,,,78.33,,,,,,,,100.0,,,,,,,,,,,92.86,,93.33
 399,10123809,20012399,AAA AAA399,,,,,,78.33,,,,,,,,,,,,100.0,,,,,,,78.57,75.0,80.0
 400,10123810,20012400,AAA AAA400,,,77.78,,,78.33,,,,,,,,,,,,100.0,,,,,,,78.57,,86.67
 401,10123811,20012401,AAA AAA401,,,80.0,78.69,,75.0,,,80.0,,,,,100.0,,,,,,,,,,,78.57,,
 402,10123812,20012402,AAA AAA402,,,80.0,80.33,,88.33,,,80.0,,77.59,,,,,,,100.0,,,,,,,78.57,,93.33
 403,10123813,20012403,AAA AAA403,,,,75.41,,78.33,,,80.0,,,,,100.0,,,,,,,,,,,78.57,,80.0
 404,10123814,20012404,AAA AAA404,,,75.56,,,78.33,,,93.33,,81.03,,,,,,,,100.0,,,,,,85.71,75.0,80.0
 405,10123815,20012405,AAA AAA405,,,75.56,75.41,,83.33,,,86.67,,,,,,,100.0,,,,,,,,,92.86,,86.67
 406,10123816,20012406,AAA AAA406,,,80.0,77.05,,78.33,,,80.0,,77.59,,,,,,,100.0,,,,,,,85.71,80.0,83.33
 407,10123817,20012407,AAA AAA407,,83.87,,81.54,86.67,100.0,83.87,87.8,,77.42,,,,,,,,,,,,,,,,,
 408,10123818,20012408,AAA AAA408,,,82.22,75.86,,78.95,,,81.25,,76.09,,,,,,,,100.0,,,,,,80.0,87.5,84.62
 409,10123819,20012409,AAA AAA409,,90.32,,87.69,90.0,100.0,87.1,95.12,,93.55,,,,,,,,,,,,,,,,,
 410,10123820,20012410,AAA AAA410,,,88.89,86.21,,91.23,,,90.63,,82.61,,,100.0,,,,,,,,,,,86.67,83.33,100.0
 411,10123821,20012411,AAA AAA411,,,75.56,77.59,,87.72,,,87.5,,78.26,100.0,,,,,,,,,,,,,100.0,80.0,76.92
 412,10123822,20012412,AAA AAA412,,,86.67,75.86,,84.21,,,93.75,,84.78,,,,,100.0,,,,,,,,,86.67,75.83,84.62
 413,10123823,20012413,AAA AAA413,,,80.0,79.31,,84.21,,,84.38,,82.61,100.0,,,,,,,,,,,,,86.67,81.67,84.62
 414,10123824,20012414,AAA AAA414,,,77.78,75.86,,80.7,,,84.38,,80.43,,,,,,,,,100.0,,,,,93.33,78.33,76.92
 415,10123825,20012415,AAA AAA415,,,75.56,77.59,,85.96,,,81.25,,78.26,,,100.0,,,,,,,,,,,80.0,75.0,76.92
 416,10123826,20012416,AAA AAA416,,,84.44,82.76,,85.96,,,93.75,,91.3,100.0,,,,,,,,,,,,,93.33,81.67,92.31
 417,10123827,20012417,AAA AAA417,,,,,,80.7,,,81.25,,80.43,100.0,,,,,,,,,,,,,80.0,,84.62
 419,10123829,20012419,AAA AAA419,,,75.56,75.86,,84.21,,,90.63,,76.09,,,100.0,,,,,,,,,,,80.0,75.0,76.92
 420,10123830,20012420,AAA AAA420,,,75.56,77.59,,82.46,,,84.38,,,,,,,,,,100.0,,,,,,,76.67,
 421,10123831,20012421,AAA AAA421,,,82.22,79.31,,94.74,,,100.0,,89.13,,,,,,100.0,,,,,,,,93.33,80.0,84.62
 423,10123833,20012423,AAA AAA423,,,82.22,77.59,,85.96,,,84.38,,82.61,,,,100.0,,,,,,,,,,86.67,78.33,92.31
 424,10123834,20012424,AAA AAA424,,,80.0,81.03,,89.47,,,100.0,,89.13,,,,,,100.0,,,,,,,,100.0,81.67,100.0
 425,10123835,20012425,AAA AAA425,,,86.67,81.03,,82.46,,,90.63,,84.78,,,,,100.0,,,,,,,,,80.0,86.67,92.31
 426,10123836,20012426,AAA AAA426,,,80.0,75.86,,85.96,,,90.63,,82.61,,,,,,,100.0,,,,,,,93.33,76.67,84.62
 427,10123837,20012427,AAA AAA427,,,82.22,81.03,,94.74,,,96.88,,86.96,,,,,,100.0,,,,,,,,100.0,86.67,84.62
 428,10123838,20012428,AAA AAA428,,,75.56,75.86,,80.7,,,78.13,,,,,100.0,,,,,,,,,,,,,
 429,10123839,20012429,AAA AAA429,,,84.44,81.03,,87.72,,,84.38,,84.78,,,,100.0,,,,,,,,,,86.67,81.67,100.0
 430,10123840,20012430,AAA AAA430,,77.42,,81.54,76.67,100.0,90.32,82.93,,79.03,,,,,,,,,,,,,,,,,
 431,10123841,20012431,AAA AAA431,,,80.0,75.86,,80.7,,,84.38,,,,,,,100.0,,,,,,,,,86.67,76.67,84.62
 432,10123842,20012432,AAA AAA432,,87.1,,87.69,85.0,100.0,93.55,92.68,,83.87,,,,,,,,,,,,,,,,,
 433,10123843,20012433,AAA AAA433,,80.65,,83.08,85.0,100.0,87.1,85.37,,,,,,,,,,,,,,,,,,,
 434,10123844,20012434,AAA AAA434,,,84.44,81.03,,85.96,,,84.38,,84.78,,,100.0,,,,,,,,,,,86.67,80.0,92.31
 435,10123845,20012435,AAA AAA435,,,77.78,77.59,,80.7,,,84.38,,,100.0,,,,,,,,,,,,,80.0,79.17,84.62
 436,10123846,20012436,AAA AAA436,,,80.0,,,80.7,,,90.63,,76.09,,,,,100.0,,,,,,,,,80.0,75.0,76.92
 437,10123847,20012437,AAA AAA437,,77.42,,87.69,81.67,100.0,90.32,95.12,,80.65,,,,,,,,,,,,,,,,,
 438,10123848,20012438,AAA AAA438,,,,81.03,,84.21,,,100.0,,89.13,,,100.0,,,,,,,,,,,93.33,81.67,92.31
 439,10123849,20012439,AAA AAA439,,,86.67,84.48,,91.23,,,87.5,,93.48,100.0,,,,,,,,,,,,,93.33,85.0,76.92
 440,10123850,20012440,AAA AAA440,,,75.56,75.86,,80.7,,,78.13,,76.09,100.0,,,,,,,,,,,,,80.0,75.0,76.92
 441,10123851,20012441,AAA AAA441,,,75.56,,,81.97,,,80.0,,90.0,,,,,,,,100.0,,,,,,87.5,78.33,91.67
 442,10123852,20012442,AAA AAA442,,,77.78,77.97,,80.33,,,80.0,,80.0,,,,,100.0,,,,,,,,,87.5,76.67,91.67
 443,10123853,20012443,AAA AAA443,,,,,,,,,80.0,,,,,,,,,,,,,,,,,,75.0
 445,10123855,20012445,AAA AAA445,,,77.78,76.27,,85.25,,,80.0,,76.0,,,,,,,,,100.0,,,,,93.75,,83.33
 446,10123856,20012446,AAA AAA446,,,80.0,,,86.89,,,86.67,,78.0,,,,,,,,,100.0,,,,,100.0,78.33,100.0
 447,10123857,20012447,AAA AAA447,,,80.0,81.36,,80.33,,,80.0,,,,,,,,100.0,,,,,,,,93.75,80.0,100.0
 448,10123858,20012448,AAA AAA448,,,86.67,83.05,,85.25,,,86.67,,94.0,100.0,,,,,,,,,,,,,100.0,86.67,100.0
 449,10123859,20012449,AAA AAA449,,,84.44,81.36,,86.89,,,93.33,,90.0,,,,,100.0,,,,,,,,,93.75,86.67,83.33
 450,10123860,20012450,AAA AAA450,,,75.56,76.27,,83.61,,,80.0,,,,,,,,,,,100.0,,,,,87.5,,83.33
 451,10123861,20012451,AAA AAA451,,,75.56,76.27,,80.33,,,80.0,,,,,,,,,,,100.0,,,,,81.25,76.67,91.67
 452,10123862,20012452,AAA AAA452,,,75.56,,,75.41,,,,,78.0,,,,,100.0,,,,,,,,,87.5,,75.0
 453,10123863,20012453,AAA AAA453,,,,,,75.41,,,,,76.0,,100.0,,,,,,,,,,,,,,
 454,10123864,20012454,AAA AAA454,,,75.56,79.66,,,,,,,,,,,,100.0,,,,,,,,,81.25,77.5,83.33
 455,10123865,20012455,AAA AAA455,,,,,,,,,,,,,,100.0,,,,,,,,,,,,,
 456,10123866,20012456,AAA AAA456,,,77.78,77.97,,80.33,,,80.0,,,,,,,100.0,,,,,,,,,81.25,76.67,75.0
 457,10123867,20012457,AAA AAA457,,,,,,75.41,,,,,,,,,,75.0,,,,,,,,,75.0,,
 458,10123868,20012458,AAA AAA458,,83.87,,86.15,88.33,75.0,83.87,95.12,,77.42,,,,,,,,,,,,,,,,,
 459,10123869,20012459,AAA AAA459,,,75.56,,,75.41,,,80.0,,,,,,,100.0,,,,,,,,,,75.0,75.0
 460,10123870,20012460,AAA AAA460,,,,,,75.41,,,80.0,,,,,,,100.0,,,,,,,,,,75.0,
 461,10123871,20012461,AAA AAA461,,,75.56,76.27,,75.41,,,,,80.0,,,,,,,,,100.0,,,,,81.25,,83.33
 462,10123872,20012462,AAA AAA462,,,75.56,76.27,,78.69,,,80.0,,78.0,,,,,,,,,,,,,,87.5,78.33,91.67
 463,10123873,20012463,AAA AAA463,,,80.0,,,78.69,,,,,,,,,,,,,,100.0,,,,,81.25,,75.0
 464,10123874,20012464,AAA AAA464,,,,86.15,83.33,100.0,83.87,85.37,,,,,,,,,,,,,,,,,,,
 465,10123875,20012465,AAA AAA465,,,75.56,,,77.05,,,93.33,,,,,,,,,,100.0,,,,,,87.5,75.0,83.33
 466,10123876,20012466,AAA AAA466,,96.77,,98.46,96.67,100.0,90.32,95.12,,90.32,,,,,,,,,,,,,,,,,
 467,10123877,20012467,AAA AAA467,,,84.44,76.27,,83.61,,,86.67,,82.0,,,,,,100.0,,,,,,,,93.75,81.67,83.33
 468,10123878,20012468,AAA AAA468,,,80.0,77.97,,83.61,,,86.67,,86.0,,,,100.0,,,,,,,,,,93.75,81.67,100.0
 469,10123879,20012469,AAA AAA469,,,77.78,79.66,,88.52,,,86.67,,80.0,,,,100.0,,,,,,,,,,93.75,81.67,91.67
 470,10123880,20012470,AAA AAA470,,,93.33,86.44,,85.25,,,93.33,,90.0,,,,,,100.0,,,,,,,,93.75,90.0,100.0
 471,10123881,20012471,AAA AAA471,,,75.56,,,83.61,,,80.0,,90.0,,,,100.0,,,,,,,,,,87.5,80.0,100.0
 472,10123882,20012472,AAA AAA472,,,,,,,,,,,,,100.0,,,,,,,,,,,,,,
 473,10123883,20012473,AAA AAA473,,,75.0,77.97,,76.27,,,75.0,,,,,,,,100.0,,,,,,,,92.86,77.97,86.67
 474,10123884,20012474,AAA AAA474,,,79.55,81.36,,76.27,,,75.0,,77.05,,,,,100.0,,,,,,,,,78.57,76.27,93.33
 475,10123885,20012475,AAA AAA475,,,81.82,,,,,,93.75,,,,,,,,,,100.0,,,,,,78.57,77.97,80.0
 476,10123886,20012476,AAA AAA476,,,75.0,,,,,,,,,100.0,,,,,,,,,,,,,78.57,,
,10123887,20012477,AAA AAA477,,,,77.27,75.0,,,80.49,,,,,,,,,,,,,,,,,,,
,10123888,20012478,AAA AAA478,,,84.09,76.27,,76.27,,,81.25,,78.69,,,,,,,,,100.0,,,,,78.57,81.36,86.67
,10123889,20012479,AAA AAA479,,,90.91,89.83,,88.14,,,87.5,,93.44,,100.0,,,,,,,,,,,,92.86,94.07,100.0
,10123890,20012480,AAA AAA480,,,95.45,86.44,,83.05,,,81.25,,96.72,100.0,,,,,,,,,,,,,78.57,84.75,93.33
,10123891,20012481,AAA AAA481,,,93.18,89.83,,86.44,,,93.75,,95.08,100.0,,,,,,,,,,,,,78.57,93.22,93.33
,10123892,20012482,AAA AAA482,,,84.09,76.27,,,,,93.75,,77.05,,,100.0,,,,,,,,,,,78.57,75.42,80.0
,10123893,20012483,AAA AAA483,,80.65,,86.36,91.67,,90.32,90.24,,83.87,,,,,,,,,,,,,,,,,
,10123894,20012484,AAA AAA484,,,93.18,88.14,,86.44,,,81.25,,93.44,,,,,,100.0,,,,,,,,92.86,90.68,100.0
 485,10123895,20012485,AAA AAA485,,,,84.85,,,,,,,,,,,,,,,,,,,,,,,
 486,10123896,20012486,AAA AAA486,,80.65,,80.3,75.0,,,,,,,,,,,,,,,,,,,,,,
 487,10123897,20012487,AAA AAA487,,,,,,,,,75.0,,,,,,,,,,100.0,,,,,,78.57,,80.0
 488,10123898,20012488,AAA AAA488,,,77.27,77.97,,,,,75.0,,,100.0,,,,,,,,,,,,,,82.2,80.0
 489,10123899,20012489,AAA AAA489,,,79.55,,,,,,,,,100.0,,,,,,,,,,,,,,,
 490,10123900,20012490,AAA AAA490,,,79.55,77.97,,76.27,,,81.25,,,,,,,,,,100.0,,,,,,78.57,76.27,80.0
 491,10123901,20012491,AAA AAA491,,,88.64,84.75,,81.36,,,78.13,,83.61,100.0,,,,,,,,,,,,,92.86,85.59,86.67
 492,10123902,20012492,AAA AAA492,,,95.45,93.22,,88.14,,,87.5,,90.16,100.0,,,,,,,,,,,,,85.71,93.22,100.0
 493,10123903,20012493,AAA AAA493,,,86.36,76.27,,76.27,,,81.25,,75.41,,,,,,,,100.0,,,,,,78.57,80.51,86.67
 494,10123904,20012494,AAA AAA494,,,84.09,84.75,,81.36,,,81.25,,78.69,,,,100.0,,,,,,,,,,78.57,79.66,93.33
 495,10123905,20012495,AAA AAA495,,,86.36,88.14,,76.27,,,78.13,,75.41,75.0,,,,,,,,,,,,,78.57,82.2,86.67
 496,10123906,20012496,AAA AAA496,,,86.36,79.66,,77.97,,,78.13,,,,,100.0,,,,,,,,,,,81.48,79.66,86.67
 497,10123907,20012497,AAA AAA497,,,88.64,81.36,,77.97,,,87.5,,80.33,,,100.0,,,,,,,,,,,85.71,86.44,93.33
 498,10123908,20012498,AAA AAA498,,,77.27,77.97,,76.27,,,81.25,,75.41,,,,,100.0,,,,,,,,,78.57,77.97,80.0
 499,10123909,20012499,AAA AAA499,,,,,,,,,,,,100.0,,,,,,,,,,,,,78.57,,
 500,10123910,20012500,AAA AAA500,,,,,,,,,,,,,,,,,100.0,,,,,,,,,,
 501,10123911,20012501,AAA AAA501,,,84.09,77.97,,81.36,,,78.13,,83.61,100.0,,,,,,,,,,,,,78.57,77.97,93.33
 502,10123912,20012502,AAA AAA502,,,84.09,79.66,,76.27,,,87.5,,83.61,,,,100.0,,,,,,,,,,78.57,81.36,93.33
 503,10123913,20012503,AAA AAA503,,,77.27,,,,,,81.25,,77.05,,,,,,100.0,,,,,,,,78.57,77.97,80.0
 504,10123914,20012504,AAA AAA504,,,84.09,81.36,,83.05,,,81.25,,78.69,,,,100.0,,,,,,,,,,78.57,77.97,100.0
 505,10123915,20012505,AAA AAA505,,,88.64,83.05,,85.0,,,83.33,,83.33,,100.0,,,,,,,,,,,,86.67,86.21,87.5
 506,10123916,20012506,AAA AAA506,,,,,,,,,83.33,,,,100.0,,,,,,,,,,,,,,
 507,10123917,20012507,AAA AAA507,,,93.18,83.05,,80.0,,,83.33,,76.67,,,,,,100.0,,,,,,,,86.67,86.21,87.5
 508,10123918,20012508,AAA AAA508,,,86.36,77.97,,81.67,,,83.33,,76.67,,,,,,,,,,100.0,,,,86.67,82.76,81.25
 509,10123919,20012509,AAA AAA509,,,84.09,,,,,,75.0,,,,,,,,,,,,75.0,,,,93.33,,
 510,10123920,20012510,AAA AAA510,,,75.0,,,,,,83.33,,,,100.0,,,,,,,,,,,,80.0,,
 511,10123921,20012511,AAA AAA511,,96.77,,95.45,96.67,,96.77,95.12,,93.55,,,,,,,,,,,,,,,,,
 512,10123922,20012512,AAA AAA512,,,79.55,81.36,,81.67,,,91.67,,,,,,,100.0,,,,,,,,,80.0,84.48,75.0
,10123923,20012513,AAA AAA513,,,,,,,,,,,,87.5,,,,,,,,,,,,,,,
 514,10123924,20012514,AAA AAA514,,,75.0,86.44,,81.67,,,75.0,,81.67,100.0,,,,,,,,,,,,,80.0,77.59,87.5
 515,10123925,20012515,AAA AAA515,,,,80.3,80.0,,80.65,80.49,,,,,,,,,,,,,,,,,,,
 516,10123926,20012516,AAA AAA516,,,78.57,75.41,,,,,,,76.67,,100.0,,,,,,,,,,,,80.0,77.78,87.5
 517,10123927,20012517,AAA AAA517,,,79.55,79.66,,78.33,,,75.0,,78.33,100.0,,,,,,,,,,,,,86.67,,81.25
 518,10123928,20012518,AAA AAA518,,,86.36,86.44,,93.33,,,91.67,,,,100.0,,,,,,,,,,,,86.67,81.03,87.5
 519,10123929,20012519,AAA AAA519,,,84.09,83.05,,85.0,,,83.33,,76.67,,,,,100.0,,,,,,,,,86.67,82.76,87.5
 520,10123930,20012520,AAA AAA520,,,86.36,88.14,,91.67,,,83.33,,80.0,100.0,,,,,,,,,,,,,86.67,86.21,93.75
 521,10123931,20012521,AAA AAA521,,,86.36,84.75,,76.67,,,83.33,,75.0,,,,,,,,100.0,,,,,,93.33,79.31,87.5
 522,10123932,20012522,AAA AAA522,,,75.0,79.66,,76.67,,,83.33,,,,,,,,100.0,,,,,,,,80.0,75.86,75.0
 523,10123933,20012523,AAA AAA523,,,79.55,84.75,,81.67,,,83.33,,76.67,,,,,100.0,,,,,,,,,,81.03,75.0
 524,10123934,20012524,AAA AAA524,,,,,,,,,,,,,,,,,,,,,100.0,,,,80.0,,
 525,10123935,20012525,AAA AAA525,,,88.64,88.14,,83.33,,,75.0,,85.0,,,100.0,,,,,,,,,,,80.0,91.38,87.5
 526,10123936,20012526,AAA AAA526,,,79.55,86.44,,,,,83.33,,76.67,,,,,,100.0,,,,,,,,86.67,86.21,81.25
 527,10123937,20012527,AAA AAA527,,,,81.82,76.67,,,,,,,,,,,,,,,,,,,,,,
 528,10123938,20012528,AAA AAA528,,,77.27,86.44,,80.0,,,83.33,,75.0,,,,,,100.0,,,,,,,,80.0,86.21,75.0
 529,10123939,20012529,AAA AAA529,,,,,,,,,75.0,,,,,,,,,,,100.0,,,,,,,
 530,10123940,20012530,AAA AAA530,,,,80.3,75.0,,,,,,,,,,,,,,,,,,,,,,
 531,10123941,20012531,AAA AAA531,,,84.09,89.83,,83.33,,,83.33,,80.0,,100.0,,,,,,,,,,,,80.0,86.21,87.5
 532,10123942,20012532,AAA AAA532,,,75.0,76.27,,,,,83.33,,,,,,,,100.0,,,,,,,,80.0,,
 533,10123943,20012533,AAA AAA533,,,80.95,81.97,,80.39,,,85.71,,85.0,,,,,,100.0,,,,,,,,100.0,85.19,87.5
 534,10123944,20012534,AAA AAA534,,77.42,,75.41,75.41,,83.87,,,78.57,,,,,,,,,,,,,,,,,
 535,10123945,20012535,AAA AAA535,,,,75.41,,,,,85.71,,,,,100.0,,,,,,,,,,,86.67,79.63,75.0
 536,10123946,20012536,AAA AAA536,,75.86,,80.65,80.33,,80.0,87.8,,92.31,,,,,,,,,,,,,,,,,
,10123947,20012537,AAA AAA537,,,76.19,77.05,,,,,78.57,,75.0,,,,,,,,,100.0,,,,,86.67,83.33,81.25
,10123948,20012538,AAA AAA538,,,76.19,78.69,,,,,78.57,,85.0,,,93.75,,,,,,,,,,,80.0,79.63,87.5
 540,10123950,20012540,AAA AAA540,,,,,,,,,,,,,,,,,,,,100.0,,,,,,,
 541,10123951,20012541,AAA AAA541,,,,83.61,,,80.65,85.37,,78.57,,,,,,,,,,,,,,,,,
 542,10123952,20012542,AAA AAA542,,,78.57,83.61,,78.43,,,100.0,,,,,100.0,,,,,,,,,,,93.33,87.04,96.88
 543,10123953,20012543,AAA AAA543,,,76.19,81.97,,,,,78.57,,,,100.0,,,,,,,,,,,,,79.63,75.0
 544,10123954,20012544,AAA AAA544,,,85.71,85.25,,78.43,,,92.86,,78.33,,,,100.0,,,,,,,,,,93.33,77.78,78.13
 545,10123955,20012545,AAA AAA545,,,78.57,81.97,,84.31,,,100.0,,83.33,,,100.0,,,,,,,,,,,93.33,81.48,81.25
 546,10123956,20012546,AAA AAA546,,,78.57,80.33,,,,,92.86,,81.67,,,,,,,,,100.0,,,,,93.33,81.48,81.25
 547,10123957,20012547,AAA AAA547,,,76.19,78.69,,,,,85.71,,75.0,,,,,,,,,100.0,,,,,86.67,79.63,81.25
 548,10123958,20012548,AAA AAA548,,,76.19,75.41,,,,,92.86,,,,75.0,,,,,,,,,,,,80.0,75.93,81.25
 549,10123959,20012549,AAA AAA549,,,78.57,81.97,,78.43,,,92.86,,76.67,,100.0,,,,,,,,,,,,80.0,75.93,75.0
 550,10123960,20012550,AAA AAA550,,,,,,,,,85.71,,,,,,100.0,,,,,,,,,,86.67,75.93,75.0
 551,10123961,20012551,AAA AAA551,,,76.19,77.05,,78.43,,,85.71,,75.0,,,,100.0,,,,,,,,,,86.67,83.33,75.0
 552,10123962,20012552,AAA AAA552,,77.42,,88.52,88.52,,87.1,95.12,,89.29,,,,,,,,,,,,,,,,,
 553,10123963,20012553,AAA AAA553,,,83.33,85.25,,78.43,,,85.71,,81.67,,,,,,87.5,,,,,,,,93.33,85.19,93.75
 554,10123964,20012554,AAA AAA554,,,,81.97,83.61,,83.87,87.8,,87.5,,,,,,,,,,,,,,,,,
 555,10123965,20012555,AAA AAA555,,77.42,,83.61,80.33,,87.1,87.8,,82.14,,,,,,,,,,,,,,,,,
 556,10123966,20012556,AAA AAA556,,,83.33,86.67,,87.5,,,93.33,,83.61,,,,,,,,100.0,,,,,,78.57,78.33,96.55
 557,10123967,20012557,AAA AAA557,,77.42,,80.33,80.33,,90.32,82.93,,75.0,,,,,,,,,,,,,,,,,
 558,10123968,20012558,AAA AAA558,,77.42,,85.25,80.33,,87.1,82.93,,85.71,,,,,,,,,,,,,,,,,
 559,10123969,20012559,AAA AAA559,,,,,,,,,,,,,,,,,,,,100.0,,,,,,,
 560,10123970,20012560,AAA AAA560,,,,78.33,,76.79,,,80.0,,75.41,,,,100.0,,,,,,,,,,,,75.86
 561,10123971,20012561,AAA AAA561,,,,,,,,,,,,,,,,,,87.5,,,,,,,,,
 562,10123972,20012562,AAA AAA562,,,76.19,,,76.79,,,,,75.41,,,,,100.0,,,,,,,,,78.57,75.0,75.86
 563,10123973,20012563,AAA AAA563,,,,76.67,,76.79,,,80.0,,75.41,,,,,,,87.5,,,,,,,,,
 564,10123974,20012564,AAA AAA564,,,,,,76.79,,,80.0,,,,,,,,,,,100.0,,,,,78.57,75.0,
 565,10123975,20012565,AAA AAA565,,,,,,,,,80.0,,,,,,,,,,,100.0,,,,,78.57,75.0,
 566,10123976,20012566,AAA AAA566,,,76.19,,,75.0,,,,,,,,,,,,87.5,,,,,,,78.57,,
 567,10123977,20012567,AAA AAA567,,,,75.0,,78.57,,,86.67,,85.25,,,,100.0,,,,,,,,,,78.57,75.83,89.66
 568,10123978,20012568,AAA AAA568,,,76.19,,,76.79,,,,,80.33,,,,100.0,,,,,,,,,,78.57,75.0,
 569,10123979,20012569,AAA AAA569,,80.65,,88.52,85.25,,87.1,95.12,,89.29,,,,,,,,,,,,,,,,,
 570,10123980,20012570,AAA AAA570,,,76.19,80.0,,76.79,,,86.67,,77.05,,,,100.0,,,,,,,,,,78.57,75.0,
 571,10123981,20012571,AAA AAA571,,,85.71,85.0,,85.71,,,80.0,,83.61,,,,,,100.0,,,,,,,,78.57,86.67,82.76
 572,10123982,20012572,AAA AAA572,,,76.19,81.67,,76.79,,,80.0,,77.05,,,,,,,,100.0,,,,,,78.57,76.67,75.86
 573,10123983,20012573,AAA AAA573,,,,,,,,,,,,,,100.0,,,,,,,,,,,,,
 574,10123984,20012574,AAA AAA574,,,,75.0,,80.36,,,80.0,,75.41,,,,,,,,,100.0,,,,,78.57,75.0,82.76
 575,10123985,20012575,AAA AAA575,,,,,,,,,,,,,,,75.0,,,,,,,,,,,,
 576,10123986,20012576,AAA AAA576,,,76.19,76.67,,78.57,,,80.0,,75.41,,100.0,,,,,,,,,,,,78.57,76.67,75.86
 577,10123987,20012577,AAA AAA577,,,76.19,,,78.57,,,,,75.41,,,,,,,87.5,,,,,,,85.71,75.0,
 578,10123988,20012578,AAA AAA578,,,,,,,,,,,75.41,,100.0,,,,,,,,,,,,,,82.76
 579,10123989,20012579,AAA AAA579,,,85.71,78.33,,76.79,,,80.0,,85.25,,,,,,,,,100.0,,,,,85.71,85.0,82.76
 580,10123990,20012580,AAA AAA580,,,76.19,78.33,,78.57,,,80.0,,75.41,,100.0,,,,,,,,,,,,78.57,78.33,75.86
 582,10123992,20012582,AAA AAA582,,77.42,,85.25,86.89,,87.1,82.93,,78.57,,,,,,,,,,,,,,,,,83.33
 583,10123993,20012583,AAA AAA583,,,,,,,,,80.0,,,,,100.0,,,,,,,,,,,78.57,,75.86
 584,10123994,20012584,AAA AAA584,,,,,,78.57,,,,,,,,,,,,,,93.75,,,,,78.57,,75.86
 585,10123995,20012585,AAA AAA585,,,76.19,93.33,,87.5,,,100.0,,93.44,,,,100.0,,,,,,,,,,85.71,83.33,96.55
 586,10123996,20012586,AAA AAA586,,,,80.0,,76.79,,,86.67,,80.33,,,100.0,,,,,,,,,,,78.57,76.67,96.55
 587,10123997,20012587,AAA AAA587,,,,,,,,,80.0,,,,,,,75.0,,,,,,,,,92.86,,
 588,10123998,20012588,AAA AAA588,,,,75.0,,75.0,,,80.0,,,,,,75.0,,,,,,,,,,,,75.86
 589,10123999,20012589,AAA AAA589,,,,,,,,,,,,,,,,,,,,100.0,,,,,,,
 590,10124000,20012590,AAA AAA590,,,,77.05,,,,,80.0,,76.67,,,,,,,,100.0,,,,,,80.0,76.19,
 591,10124001,20012591,AAA AAA591,,,,85.25,81.97,,83.87,78.05,,89.29,,,,,,,,,,,,,,,,,
 592,10124002,20012592,AAA AAA592,,90.32,,86.89,83.61,,90.32,82.93,,92.86,,,,,,,,,,,,,,,,,
 593,10124003,20012593,AAA AAA593,,,75.0,80.33,,,,,86.67,,80.0,,,,,,100.0,,,,,,,,86.67,79.37,
 594,10124004,20012594,AAA AAA594,,,75.0,78.69,,80.7,,,93.33,,76.67,,,,,,,100.0,,,,,,,86.67,84.13,78.57
 595,10124005,20012595,AAA AAA595,,,77.27,83.61,,77.19,,,100.0,,75.0,,,,,,100.0,,,,,,,,86.67,79.37,
 596,10124006,20012596,AAA AAA596,,,,75.41,,75.44,,,80.0,,,,,100.0,,,,,,,,,,,86.67,79.37,
 597,10124007,20012597,AAA AAA597,,,75.0,88.52,,78.95,,,86.67,,75.0,,,,,,,,,100.0,,,,,86.67,95.24,78.57
 598,10124008,20012598,AAA AAA598,,,,77.05,,,,,80.0,,,,100.0,,,,,,,,,,,,86.67,77.78,
 599,10124009,20012599,AAA AAA599,,,,78.69,,,,,93.33,,,,,,,,,,100.0,,,,,,86.67,76.19,
 600,10124010,20012600,AAA AAA600,,,75.0,80.33,,80.7,,,100.0,,78.33,,,,100.0,,,,,,,,,,86.67,88.89,85.71
 601,10124011,20012601,AAA AAA601,,,79.55,78.69,,84.21,,,93.33,,80.0,,,,,,,100.0,,,,,,,93.33,80.95,92.86
 602,10124012,20012602,AAA AAA602,,83.87,,83.61,83.61,91.67,87.1,82.93,,78.57,,,,,,,,,,,,,,,,,
 603,10124013,20012603,AAA AAA603,,,,86.89,,,,,96.67,,,,,100.0,,,,,,,,,,,86.67,80.95,
 604,10124014,20012604,AAA AAA604,,,75.0,75.41,,,,,86.67,,80.0,,,,,,,,100.0,,,,,,80.0,76.19,85.71
 605,10124015,20012605,AAA AAA605,,,75.0,81.97,,77.19,,,93.33,,,,,,,,100.0,,,,,,,,93.33,80.95,78.57
 606,10124016,20012606,AAA AAA606,,,,80.33,,,,,100.0,,76.67,,,,,,,,,100.0,,,,,80.0,82.54,92.86
 607,10124017,20012607,AAA AAA607,,93.55,,83.61,81.97,,90.32,85.37,,89.29,,,,,,,,,,,,,,,,,
 608,10124018,20012608,AAA AAA608,,,77.27,77.05,,79.31,,,80.0,,75.41,,,,,,,100.0,,,,,,,84.62,80.95,81.25
 609,10124019,20012609,AAA AAA609,,,,75.41,,,,,80.0,,75.0,,,,,,,,,100.0,,,,,93.33,76.19,
 610,10124020,20012610,AAA AAA610,,,,75.41,,,,,83.33,,,,,,,100.0,,,,,,,,,86.67,76.19,
 611,10124021,20012611,AAA AAA611,,,,77.05,,,,,80.0,,,,,,,,,,100.0,,,,,,93.33,79.37,85.71
 612,10124022,20012612,AAA AAA612,,,77.27,83.61,,79.31,,,86.67,,78.69,,,,,,100.0,,,,,,,,76.92,87.3,87.5
 613,10124023,20012613,AAA AAA613,,83.87,,85.25,85.25,,87.1,80.49,,89.29,,,,,,,,,,,,,,,,,
 614,10124024,20012614,AAA AAA614,,,88.64,86.89,,77.59,,,80.0,,81.97,,,,100.0,,,,,,,,,,84.62,90.48,81.25
 615,10124025,20012615,AAA AAA615,,,81.82,78.69,,,,,93.33,,,,,,,,,100.0,,,,,,,84.62,82.54,81.25
 616,10124026,20012616,AAA AAA616,,,81.82,90.16,,82.76,,,100.0,,81.97,,,,,,,100.0,,,,,,,92.31,87.3,81.25
 617,10124027,20012617,AAA AAA617,,,86.36,81.97,,84.48,,,93.33,,80.33,,,,,,,,100.0,,,,,,92.31,90.48,81.25
 618,10124028,20012618,AAA AAA618,,,77.27,78.69,,,,,86.67,,75.41,,,,,,100.0,,,,,,,,76.92,76.19,75.0
 619,10124029,20012619,AAA AAA619,,87.1,,80.33,85.25,,87.1,80.49,,78.57,,,,,,,,,,,,,,,,,
 620,10124030,20012620,AAA AAA620,,87.1,,80.33,86.89,,80.65,87.8,,85.71,,,,,,,,,,,,,,,,,
 621,10124031,20012621,AAA AAA621,,,84.09,85.25,,79.31,,,93.33,,81.97,,,,,,100.0,,,,,,,,92.31,87.3,87.5
 622,10124032,20012622,AAA AAA622,,,81.82,78.69,,82.76,,,100.0,,,,,,,,,,,100.0,,,,,84.62,85.71,75.0
 623,10124033,20012623,AAA AAA623,,,75.0,78.69,,,,,93.33,,,,,,,,,100.0,,,,,,,92.31,84.13,75.0
 624,10124034,20012624,AAA AAA624,,,77.27,77.05,,77.59,,,80.0,,77.05,,,,,,,100.0,,,,,,,84.62,85.71,75.0
 625,10124035,20012625,AAA AAA625,,,,85.25,80.33,,80.65,75.61,,82.14,,,,,,,,,,,,,,,,,
 626,10124036,20012626,AAA AAA626,,,79.55,90.16,,79.31,,,93.33,,80.33,,,,,,,100.0,,,,,,,92.31,87.3,87.5
 627,10124037,20012627,AAA AAA627,,,,78.69,75.41,,,,,,,,,,,,,,,,,,,,,,
 628,10124038,20012628,AAA AAA628,,,77.27,78.69,,,,,93.33,,,,,,,,,,100.0,,,,,,84.62,76.19,75.0
 629,10124039,20012629,AAA AAA629,,,81.82,86.89,,77.59,,,100.0,,78.69,,,,,,100.0,,,,,,,,92.31,87.3,81.25
 630,10124040,20012630,AAA AAA630,,,,,,,,,80.0,,,,,,,100.0,,,,,,,,,92.31,,
 631,10124041,20012631,AAA AAA631,,,,,,,,,86.67,,,,,100.0,,,,,,,,,,,76.92,,
 632,10124042,20012632,AAA AAA632,,,77.27,77.05,,75.86,,,80.0,,77.05,,,,,,,100.0,,,,,,,84.62,82.54,81.25
 633,10124043,20012633,AAA AAA633,,,,77.05,,,,78.05,,,,,,,,,,,,,,,,,,,
 634,10124044,20012634,AAA AAA634,,,,88.52,88.52,,87.1,82.93,,82.14,,,,,,,,,,,,,,,,,
 635,10124045,20012635,AAA AAA635,,,90.91,91.8,,87.93,,,93.33,,90.16,,,,,,,,100.0,,,,,,92.31,90.48,93.75
 636,10124046,20012636,AAA AAA636,,,,80.33,80.33,,80.65,,,82.14,,,,,,,,,,,,,,,,,
 637,10124047,20012637,AAA AAA637,,,,83.61,,,,,93.33,,77.05,,,,,,100.0,,,,,,,,84.62,80.95,81.25
 638,10124048,20012638,AAA AAA638,,,,81.36,,77.59,,,93.75,,,,,,100.0,,,,,,,,,,87.5,75.41,86.67
 639,10124049,20012639,AAA AAA639,76.09,82.14,,82.46,75.81,,,,86.67,80.0,,,,100.0,,,,,,,,,,80.0,,76.27,
 640,10124050,20012640,AAA AAA640,,,80.65,81.08,,78.33,,,91.67,,75.47,,,,,,,,,,100.0,,,,100.0,78.1,81.82
 641,10124051,20012641,AAA AAA641,,,82.22,88.14,,86.21,,,100.0,,82.76,,,,100.0,,,,,,,,,,87.5,85.25,93.33
 642,10124052,20012642,AAA AAA642,,,,85.71,89.47,,96.67,93.02,,92.86,,,,,,,,,,,,,,,,,
 643,10124053,20012643,AAA AAA643,76.09,78.57,,75.44,79.03,,,,80.0,83.64,,,,,,,,,,100.0,,,,93.33,,77.97,
 644,10124054,20012644,AAA AAA644,,,,,,,,,,,,,,,,,100.0,,,,,,,,,,
 645,10124055,20012645,AAA AAA645,,,77.78,77.05,,85.0,,,86.67,,,,,,,,,,,100.0,,,,,78.57,75.0,80.0
 646,10124056,20012646,AAA AAA646,,,82.22,,,77.19,,,75.0,,,,100.0,,,,,,,,,,,,,,84.62
 647,10124057,20012647,AAA AAA647,,,83.33,85.25,,78.43,,,85.71,,75.0,,,,100.0,,,,,,,,,,80.0,85.19,81.25
