Serial_Number,Roll_Num,Uni_ID,Student_Name,AML3201,CSL2301,CSL3307,CSL4207,CSL4208,CSL4305,CSL4318,CSL4336,CSL5210,CSP2301,ECL3311,GEW1601,GEW1603,GEW1604,GEW1605,GEW1607,GEW1608,GEW1609,GEW1610,GEW1611,GEW1613,HUL2401,HUL3301
 3,10123413,20012003,AAA AAA3,71.11,,,,74.14,,,,,,,,,,,,,,,,,,
 7,10123417,20012007,AAA AAA7,73.33,,,,,,,,73.33,,,,,,,,,,,,,,
 8,10123418,20012008,AAA AAA8,,73.33,,,,,,,,,,,,,,,,,,,,,
 11,10123421,20012011,AAA AAA11,,,,73.68,,,,,,,,,,,,,,,,,,,
 14,10123424,20012014,AAA AAA14,,73.33,,73.68,74.14,,,,,,,,,,,,,,,,,,
 20,10123430,20012020,AAA AAA20,,,,,,,,,,74.07,,,,,,,,,,,,,
 22,10123432,20012022,AAA AAA22,71.11,,,70.18,68.97,,,,,,,,,,,,,,,,,,
,10123433,20012023,AAA AAA23,73.33,,,73.68,70.69,,,,,,,,,,,,,,,,,,
 24,10123434,20012024,AAA AAA24,,,,71.93,,,,,,,,,,,,,,,,,,,
 29,10123439,20012029,AAA AAA29,,73.33,,,,,,,,,,,,,,,,,,,,,
 30,10123440,20012030,AAA AAA30,,,,,72.41,,,,73.33,,,,,,,,,,,,,,
 31,10123441,20012031,AAA AAA31,71.11,73.33,,71.93,72.41,,,,60.0,74.19,,,,,,,,,,,,,
 32,10123442,20012032,AAA AAA32,,,,,72.41,,,,,,,,,,,,,,,,,,
 36,10123446,20012036,AAA AAA36,,,,74.55,,,,,,,,,,,,,,,,,,,
 41,10123451,20012041,AAA AAA41,48.89,50.0,,52.73,64.29,,,,62.5,64.29,,,,,,,,,,,,,
 45,10123455,20012045,AAA AAA45,,,,74.55,,,,,,,,,,,,,,,,,,,
,10123463,20012053,AAA AAA53,,,,,64.29,,,,,,,,,,,,,,,,,,
 54,10123464,20012054,AAA AAA54,46.67,40.0,,45.45,42.86,,,,37.5,62.5,,,,,,,,,,,,,
 55,10123465,20012055,AAA AAA55,,,,,,,,74.42,,,,,,,,,,,,,,,
 63,10123473,20012063,AAA AAA63,,,,,,,,,68.75,,,,,,,,,,,,,,
 67,10123477,20012067,AAA AAA67,,,,,,,,,,,,,,,,25.0,,,,,,,
 69,10123479,20012069,AAA AAA69,,57.14,,73.77,68.85,,,,71.43,,,,,,,0.0,,,,,,,
 72,10123482,20012072,AAA AAA72,,,,73.77,,,,,,70.0,,,,,,,,,,,,,
 76,10123486,20012076,AAA AAA76,59.09,,,60.66,57.38,,,,64.29,66.67,,,,,,,,,,,,,
 78,10123488,20012078,AAA AAA78,63.64,46.43,,63.93,73.77,,,,,23.33,,,,,,,,,,,,,
,10123490,20012080,AAA AAA80,,,,,,,,,,73.33,,,,,,,,,,,,,
 81,10123491,20012081,AAA AAA81,34.09,21.43,,32.79,19.67,,,,28.57,33.33,,,0.0,,,,,,,,,,
 82,10123492,20012082,AAA AAA82,72.73,,,,,,,,,,,,,,,,,,,,,,
 84,10123494,20012084,AAA AAA84,72.73,,,,,,,,,,,,,,,,,,,,,,
 85,10123495,20012085,AAA AAA85,61.36,53.57,,60.66,59.02,,,,,58.33,,,,,,,,,,,,,
 87,10123497,20012087,AAA AAA87,61.36,67.86,,62.3,55.74,,,,71.43,70.0,,,,,,,,,,,,,
 93,10123503,20012093,AAA AAA93,68.18,71.43,,60.66,67.21,,,,71.43,60.0,,,,,,,,,,,,,
 97,10123507,20012097,AAA AAA97,70.45,,,72.13,73.77,,,,,73.33,,,,,,,,,,,,,
 99,10123509,20012099,AAA AAA99,,,,,73.77,,,,,,,,,,,,,,,,,,
 100,10123510,20012100,AAA AAA100,,,,72.13,,,,,,70.0,,,,,,,,,,,,,
 101,10123511,20012101,AAA AAA101,,,,,64.91,,,65.12,,,,,,,,,,,,,,,
 102,10123512,20012102,AAA AAA102,,,,,70.0,,,,,,,,,,,,,,,,,,
 103,10123513,20012103,AAA AAA103,0.0,0.0,,,0.0,,,,0.0,0.0,,,0.0,,,,,,,,,,
 109,10123519,20012109,AAA AAA109,0.0,0.0,,,,,,,,0.0,,,,,,,,,,,,,
 116,10123526,20012116,AAA AAA116,,,,68.85,,,,,,,,,,,,,,,,,,,
 117,10123527,20012117,AAA AAA117,72.73,,,57.38,63.33,,,,,58.33,,,,,,,,,,,,,
 126,10123536,20012126,AAA AAA126,18.18,10.71,,,6.67,,,,20.0,23.33,,,0.0,,,,,,,,,,
 131,10123541,20012131,AAA AAA131,,66.67,,,,,,,0.0,74.19,,,,,,,,,,,,,
 135,10123545,20012135,AAA AAA135,,,,,73.77,,,,,,,,,,,,,,,,,,
 137,10123547,20012137,AAA AAA137,52.27,60.0,,65.52,49.18,,,,53.33,64.52,,,,,,,,,,,,,
 138,10123548,20012138,AAA AAA138,,73.33,,,72.13,,,,,70.97,,,,,,,,,,,,,
 140,10123550,20012140,AAA AAA140,,64.1,,74.29,68.42,,,69.77,0.0,67.65,,,,,,,,,,,,,
 141,10123551,20012141,AAA AAA141,54.55,,,68.97,54.1,,,,73.33,64.52,,,,,,,,,,,,,
 142,10123552,20012142,AAA AAA142,29.55,33.33,,36.21,32.79,,,,33.33,35.48,,,0.0,,,,,,,,,,
 143,10123553,20012143,AAA AAA143,,,,,68.85,,,,,,,,,,,,,,,,,,
 144,10123554,20012144,AAA AAA144,,66.67,,,,,,,0.0,,,,,,,,,,,,,,
 145,10123555,20012145,AAA AAA145,50.0,53.33,,55.17,44.26,,,,66.67,64.52,,,,,,,,,,,,,
 146,10123556,20012146,AAA AAA146,,73.33,,74.14,,,,,,,,,,,,,,,,,,,
,10123557,20012147,AAA AAA147,,,,56.9,73.77,,,,,,,,,,,,,,,,,,
 148,10123558,20012148,AAA AAA148,65.91,,,,70.49,,,,,74.19,,,,,,,,,,,,,
 149,10123559,20012149,AAA AAA149,,69.23,,,,,,,0.0,73.53,,,,,,,,,,,,,
 150,10123560,20012150,AAA AAA150,65.91,,,,62.3,,,,73.33,74.19,,,,,,,,,,,,,
 154,10123564,20012154,AAA AAA154,,64.1,,,,,,,0.0,,,,,,,,,,,,,,
 155,10123565,20012155,AAA AAA155,,71.79,,,,,,,33.33,,,,,,,,,,,,,,
 157,10123567,20012157,AAA AAA157,40.91,65.52,,55.17,31.15,,,,53.33,61.29,,,0.0,,,,,,,,,,
 159,10123569,20012159,AAA AAA159,59.09,70.0,,,65.57,,,,,70.97,,,,,,,,,,,,,
 162,10123572,20012162,AAA AAA162,63.64,63.33,,58.62,62.3,,,,73.33,72.58,,,,,,,,,,,,,
 166,10123576,20012166,AAA AAA166,,64.1,,,,,,74.42,0.0,67.65,,,,,,,,,,,,,
,10123577,20012167,AAA AAA167,70.45,,,,70.49,,,,,,,,,,,,,,,,,,
 168,10123578,20012168,AAA AAA168,,,,,,,,,0.0,,,,,,,,,,,,,,
 169,10123579,20012169,AAA AAA169,,,,,,,,,,74.19,,,,,,,,,,,,,
 174,10123584,20012174,AAA AAA174,,,,,73.77,,,,,74.07,,,,,,,,,,,,,
 176,10123586,20012176,AAA AAA176,,73.33,,,,,,,66.67,70.37,,,,,,,,,,,,,
 178,10123588,20012178,AAA AAA178,,,,,72.13,,,,,,,,,,,,,,,,,,
 179,10123589,20012179,AAA AAA179,,,,,,,,,,74.07,,,,,,,,,,,,,
 183,10123593,20012183,AAA AAA183,,,,,73.77,,,,,74.07,,,,,,,,,,,,,
 184,10123594,20012184,AAA AAA184,,,,,,,,,,74.07,,,,,,,,,,,,,
 185,10123595,20012185,AAA AAA185,,,,,,,,,,74.07,,,,,,,,,,,,,
 187,10123597,20012187,AAA AAA187,50.0,73.33,,,59.02,,,,66.67,,,,,,,,,,,,,,
 189,10123599,20012189,AAA AAA189,,,,,,,,,0.0,,,,,,,,,,,,,,
 190,10123600,20012190,AAA AAA190,,,,,70.49,,,,,74.07,,,,,,,,,,,,,
 192,10123602,20012192,AAA AAA192,,,,,,,,,,74.07,,,,,,,,,,,,,
 193,10123603,20012193,AAA AAA193,,,,,,,,,73.33,,,,,,,,,,,,,,
 198,10123608,20012198,AAA AAA198,,66.67,,,,,,,0.0,,,,,,,,,,,,,,
 199,10123609,20012199,AAA AAA199,,,,,,,,,,74.07,,,,,,,,,,,,,
 204,10123614,20012204,AAA AAA204,,,,70.89,,,,74.42,,,,,,,,,,,,,,,
 210,10123620,20012210,AAA AAA210,60.87,67.86,,73.68,70.97,,,,73.33,,,,,,,,,,,,,,
 216,10123626,20012216,AAA AAA216,56.52,57.14,,68.42,51.61,,,,66.67,69.09,,,,,,,,,,,,,
 223,10123633,20012223,AAA AAA223,,,,,,,,,73.33,,,,,,,,,,,,,,
 226,10123636,20012226,AAA AAA226,,,,,,,,,73.33,72.73,,,,,,,,,,,,,
 228,10123638,20012228,AAA AAA228,69.57,,,,,,,,73.33,72.73,,,,,,,,,,,,,
 232,10123642,20012232,AAA AAA232,60.87,71.43,,,,,,,73.33,,,,,,,,,,,,,,
 238,10123648,20012238,AAA AAA238,,,,,,,,,,,,,,50.0,,,,,,,,,
 243,10123653,20012243,AAA AAA243,,66.67,,71.21,70.18,,,37.21,,67.86,,,,,,,,,,,,,
 244,10123654,20012244,AAA AAA244,71.74,71.43,,73.68,,,,,61.54,74.19,,,,,,,,,,,,,
 253,10123663,20012253,AAA AAA253,,71.43,,,,,,,,,,,,,,,,,,,,,
 256,10123666,20012256,AAA AAA256,67.39,,,,70.49,,,,,,,,,,,,,,,,,,
 257,10123667,20012257,AAA AAA257,71.74,,,,,,,,,,,,,,,,,,,,,,
 258,10123668,20012258,AAA AAA258,71.74,,,,,,,,,67.74,,,,,,,,,,,,,
 259,10123669,20012259,AAA AAA259,67.39,64.29,,,67.21,,,,,67.74,,,,,,,,,,,,,
 260,10123670,20012260,AAA AAA260,73.91,,,,,,,,,,,,,,,,,,,,,,
 261,10123671,20012261,AAA AAA261,69.57,71.43,,,67.21,,,,,74.19,,,,,,,,,,,,,
 262,10123672,20012262,AAA AAA262,,,,,,,,,,70.97,,,,,,,,,,,,,
 263,10123673,20012263,AAA AAA263,,,,,72.13,,,,,,,,,,,,,,,,,,
 268,10123678,20012268,AAA AAA268,65.22,71.43,,71.93,68.85,,,,,67.74,,,,,,,,,,,,,
 272,10123682,20012272,AAA AAA272,60.87,,,,72.13,,,,69.23,74.19,,,,,,,,,,,,,
 276,10123686,20012276,AAA AAA276,34.04,50.0,,36.67,35.09,,,,53.33,56.67,,,,,,,,,,,,,
 278,10123688,20012278,AAA AAA278,53.19,53.33,,53.33,49.12,,,,53.33,53.33,,,,,,25.0,,,,,,,
 283,10123693,20012283,AAA AAA283,74.47,73.33,,70.0,68.42,,,,,63.33,,,,,,,,,,,,,
 284,10123694,20012284,AAA AAA284,68.09,,,68.33,66.67,,,,,,,,,,,,,,,,,,
 288,10123698,20012288,AAA AAA288,57.45,50.0,,58.33,61.4,,,,,60.0,,,,,,,,,,,,,
 300,10123710,20012300,AAA AAA300,36.17,73.33,,43.33,42.11,,,,53.33,36.67,,,,50.0,,,,,,,,,
 301,10123711,20012301,AAA AAA301,,70.0,,70.0,71.93,,,,,,,,,,,,,,,,,,
 302,10123712,20012302,AAA AAA302,57.45,56.67,,48.33,52.63,,,,66.67,73.33,,,,,,,,,,,,,
 306,10123716,20012306,AAA AAA306,63.83,70.0,,69.84,61.02,,,,,66.67,,,,,,,,,,,,,
 309,10123719,20012309,AAA AAA309,,72.97,,,,,,,,,,,,,,,,,,,,,
 320,10123730,20012320,AAA AAA320,,70.0,,66.67,61.02,,,,,70.37,,,,,,,,,,,,,
 321,10123731,20012321,AAA AAA321,61.7,56.67,,52.38,59.32,,,,73.33,70.37,,,,,,,,,,,,,
 334,10123744,20012334,AAA AAA334,65.96,73.33,,69.84,74.58,,,,,74.07,,,,,,,,,,,,,
 335,10123745,20012335,AAA AAA335,70.21,,,69.84,69.49,,,,,,,,,,,,,,,,,,
,10123749,20012339,AAA AAA339,,,55.56,59.32,,58.62,,,,,53.45,,,,,,,,,,,,
 340,10123750,20012340,AAA AAA340,,,,,,70.69,,,,,63.79,,,,,,,,,,,,
 342,10123752,20012342,AAA AAA342,,,,,,,,,,,0.0,,,,,,,,,,,,
 343,10123753,20012343,AAA AAA343,,,,,,,,,,,0.0,,,,,,,,,,,,
 344,10123754,20012344,AAA AAA344,,74.19,,,,,,,,,0.0,,,,,,,,,,,,
 345,10123755,20012345,AAA AAA345,,,,,,,,,,,0.0,,,,,,,,,,,,
 346,10123756,20012346,AAA AAA346,,,,,,,,,,,0.0,,,,,,,,,,,,
 347,10123757,20012347,AAA AAA347,,,71.11,,,72.41,,,68.75,,62.07,,,,,,,,,,,,
 348,10123758,20012348,AAA AAA348,,,35.56,50.85,,53.45,,,50.0,,39.66,,,,,,,,,,,,
 349,10123759,20012349,AAA AAA349,,,,,,,,,,,0.0,,,,,,,,,,,,
 350,10123760,20012350,AAA AAA350,,,,,,,,,,,0.0,,,,,,,,,,,,
 355,10123765,20012355,AAA AAA355,,,,71.19,,,,,,,72.41,,,,,,,,,,,,
 357,10123767,20012357,AAA AAA357,,,46.67,62.71,,65.52,,,,,56.9,,,,,,,,,,,,
 358,10123768,20012358,AAA AAA358,,,62.22,61.02,,51.72,,,68.75,,53.45,,,,,,,,,,,,
 359,10123769,20012359,AAA AAA359,,,66.67,71.19,,70.69,,,,,67.24,,,,,,,,,,,,
 362,10123772,20012362,AAA AAA362,,,71.11,66.1,,72.41,,,,,62.07,,,,,,,,,,,,
 364,10123774,20012364,AAA AAA364,,,64.44,67.8,,74.14,,,,,62.07,,,,,,,,,62.5,,,
 365,10123775,20012365,AAA AAA365,,70.97,,,68.33,,,70.73,,70.97,0.0,,,,,,,,,,,,
 366,10123776,20012366,AAA AAA366,,,68.89,71.19,,72.41,,,,,67.24,,,,,,,,,,,,
 367,10123777,20012367,AAA AAA367,,,,,,,,,,,0.0,,,,,,,,,,,,
 368,10123778,20012368,AAA AAA368,,,,,,,,,,,72.41,,,,,,,,,,,,
 369,10123779,20012369,AAA AAA369,,,57.78,67.8,,,,,,,56.9,,,,,,,,,,,,
 371,10123781,20012371,AAA AAA371,,,53.33,44.26,,55.0,,,40.0,,31.03,,,,,,,,,,,,
 373,10123783,20012373,AAA AAA373,,,53.33,54.1,,61.67,,,40.0,,39.66,,,,,,,,,,,,
 374,10123784,20012374,AAA AAA374,,,,,,,67.74,,,,0.0,,,,,,,,,,,,
 377,10123787,20012377,AAA AAA377,,,64.44,60.66,,73.33,,,66.67,,60.34,,,,,,,,,,,,
 379,10123789,20012379,AAA AAA379,,,60.0,63.93,,68.33,,,46.67,,55.17,,,,,,,,,,,,
 380,10123790,20012380,AAA AAA380,,,64.44,55.74,,63.33,,,66.67,,50.0,,,,,,,,,,,,
 383,10123793,20012383,AAA AAA383,,,71.11,68.85,,70.0,,,60.0,,63.79,,,,,,,,,,,,
 385,10123795,20012385,AAA AAA385,,,,,,,,,66.67,,74.14,,,,,,,,,,,,
 386,10123796,20012386,AAA AAA386,,,46.67,57.38,,61.67,,,73.33,,48.28,,,,,,,,,,,,
 390,10123800,20012390,AAA AAA390,,,,,,,,,,,0.0,,,,,,,,,,,,
 391,10123801,20012391,AAA AAA391,,,64.44,73.77,,,,,,,65.52,,,,,,,,,,,,
 396,10123806,20012396,AAA AAA396,,,66.67,72.13,,73.33,,,73.33,,68.97,,,,,,,,,,,,
 397,10123807,20012397,AAA AAA397,,,,,,,,,,74.19,0.0,,,,,,,,,,,,
 398,10123808,20012398,AAA AAA398,,,71.11,70.49,,,,,73.33,,70.69,,,,,,,,,,,,
 399,10123809,20012399,AAA AAA399,,,73.33,73.77,,,,,73.33,,72.41,,,,,,,,,,,,
 400,10123810,20012400,AAA AAA400,,,,72.13,,,,,73.33,,74.14,,,,,,,,,,,,
 401,10123811,20012401,AAA AAA401,,,,,,,,,,,74.14,,,,,,,,,,,,
 403,10123813,20012403,AAA AAA403,,,71.11,,,,,,,,68.97,,,,,,,,,,,,
 404,10123814,20012404,AAA AAA404,,,,73.77,,,,,,,,,,,,,,,,,,,
 405,10123815,20012405,AAA AAA405,,,,,,,,,,,72.41,,,,,,,,,,,,
 407,10123817,20012407,AAA AAA407,,,,,,,,,,,0.0,,,,,,,,,,,,
 417,10123827,20012417,AAA AAA417,,,71.11,72.41,,,,,,,,,,,,,,,,,,,
 418,10123828,20012418,AAA AAA418,,,6.67,6.9,,7.02,,,11.11,,13.04,,,,,,,,,0.0,,,
 420,10123830,20012420,AAA AAA420,,,,,,,,,,,73.91,,,,,,,,,,,,
 422,10123832,20012422,AAA AAA422,,,20.0,18.97,,17.54,,,44.44,,36.96,,,,,,,,,0.0,,,
 428,10123838,20012428,AAA AAA428,,,,,,,,,,,69.57,,,,,,,,,,,,
 431,10123841,20012431,AAA AAA431,,,,,,,,,,,73.91,,,,,,,,,,,,
 433,10123843,20012433,AAA AAA433,,,,,,,,,,74.19,,,,,,,,,,,,,
 435,10123845,20012435,AAA AAA435,,,,,,,,,,,73.91,,,,,,,,,,,,
 436,10123846,20012436,AAA AAA436,,,,72.41,,,,,,,,,,,,,,,,,,,
 438,10123848,20012438,AAA AAA438,,,73.33,,,,,,,,,,,,,,,,,,,,
 441,10123851,20012441,AAA AAA441,,,,72.88,,,,,,,,,,,,,,,,,,,
 443,10123853,20012443,AAA AAA443,,,51.11,42.37,,50.82,,,,,48.0,,,,,50.0,,,,,,,
 444,10123854,20012444,AAA AAA444,,,22.22,25.42,,19.67,,,20.0,,10.0,,,,,,,,,0.0,,,
 446,10123856,20012446,AAA AAA446,,,,74.58,,,,,,,,,,,,,,,,,,,
 447,10123857,20012447,AAA AAA447,,,,,,,,,,,74.0,,,,,,,,,,,,
 450,10123860,20012450,AAA AAA450,,,,,,,,,,,74.0,,,,,,,,,,,,
 451,10123861,20012451,AAA AAA451,,,,,,,,,,,74.0,,,,,,,,,,,,
 452,10123862,20012452,AAA AAA452,,,,66.1,,,,,73.33,,,,,,,,,,,,,,
 453,10123863,20012453,AAA AAA453,,,68.89,71.19,,,,,73.33,,,,,,,,,,,,,,
 454,10123864,20012454,AAA AAA454,,,,,,73.77,,,60.0,,74.0,,,,,,,,,,,,
 455,10123865,20012455,AAA AAA455,,,44.44,38.98,,44.26,,,40.0,,46.0,,,,,,,,,,,,
 456,10123866,20012456,AAA AAA456,,,,,,,,,,,74.0,,,,,,,,,,,,
 457,10123867,20012457,AAA AAA457,,,62.22,62.71,,,,,60.0,,68.0,,,,,,,,,,,,
 459,10123869,20012459,AAA AAA459,,,,64.41,,,,,,,66.0,,,,,,,,,,,,
 460,10123870,20012460,AAA AAA460,,,73.33,66.1,,,,,,,68.0,,,,,,,,,,,,
 461,10123871,20012461,AAA AAA461,,,,,,,,,73.33,,,,,,,,,,,,,,
 462,10123872,20012462,AAA AAA462,,,,,,,,,,,,,,,,50.0,,,,,,,
 463,10123873,20012463,AAA AAA463,,,,67.8,,,,,66.67,,66.0,,,,,,,,,,,,
 464,10123874,20012464,AAA AAA464,,74.19,,,,,,,,74.19,,,,,,,,,,,,,
 465,10123875,20012465,AAA AAA465,,,,74.58,,,,,,,70.0,,,,,,,,,,,,
 471,10123881,20012471,AAA AAA471,,,,74.58,,,,,,,,,,,,,,,,,,,
 472,10123882,20012472,AAA AAA472,,,64.44,61.02,,68.85,,,73.33,,70.0,,,,,,,,,,,,
 473,10123883,20012473,AAA AAA473,,,,,,,,,,,73.77,,,,,,,,,,,,
 475,10123885,20012475,AAA AAA475,,,,74.58,,74.58,,,,,73.77,,,,,,,,,,,,
 476,10123886,20012476,AAA AAA476,,,,64.41,,42.37,,,59.38,,47.54,,,,,,,,,,,,
,10123887,20012477,AAA AAA477,,48.39,,,,,74.19,,,67.74,11.11,,,,,,,,,,,,
,10123892,20012482,AAA AAA482,,,,,,74.58,,,,,,,,,,,,,,,,,
,10123893,20012483,AAA AAA483,,,,,,,,,,,0.0,,,,,,,,,,,,
 485,10123895,20012485,AAA AAA485,,67.74,,,73.33,,67.74,70.73,,58.06,0.0,,,,,,,,,,,,
 486,10123896,20012486,AAA AAA486,,,,,,,74.19,68.29,,74.19,0.0,,,,,,,,,,,,
 487,10123897,20012487,AAA AAA487,,,72.73,74.58,,74.58,,,,,67.21,,,,,,,,,,,,
 488,10123898,20012488,AAA AAA488,,,,,,69.49,,,,,72.13,,,,,,,,,,,,
 489,10123899,20012489,AAA AAA489,,,,66.1,,42.37,,,68.75,,60.66,,,,,,,,,,,,
 490,10123900,20012490,AAA AAA490,,,,,,,,,,,73.77,,,,,,,,,,,,
 496,10123906,20012496,AAA AAA496,,,,,,,,,,,72.13,,,,,,,,,,,,
 499,10123909,20012499,AAA AAA499,,,65.91,55.17,,30.51,,,56.25,,39.34,,,,,,,,,,,,
 500,10123910,20012500,AAA AAA500,,,72.73,55.93,,47.46,,,62.5,,44.26,,,,,,,,,,,,
 503,10123913,20012503,AAA AAA503,,,,74.58,,74.58,,,,,,,,,,,,,,,,,
 506,10123916,20012506,AAA AAA506,,,72.73,72.88,,61.67,,,,,66.67,,,,,,,,,,,,
 509,10123919,20012509,AAA AAA509,,,,74.58,,73.33,,,,,66.67,,,,,,,,,,,,
 510,10123920,20012510,AAA AAA510,,,,72.88,,71.67,,,,,68.33,,,,,,,,,,,,
 511,10123921,20012511,AAA AAA511,,,,,,,,,,,0.0,,,,,,,,,,,,
 512,10123922,20012512,AAA AAA512,,,,,,,,,,,73.33,,,,,,,,,,,,
,10123923,20012513,AAA AAA513,,,63.64,62.71,,60.0,,,66.67,,61.67,,,,,,,,,,,,
 515,10123925,20012515,AAA AAA515,,67.74,,,,,,,,70.97,0.0,,,,,,,,,,,,
 516,10123926,20012516,AAA AAA516,,,,,,72.55,,,71.43,,,,,,,,,,,,,,
 518,10123928,20012518,AAA AAA518,,,,,,,,,,,73.33,,,,,,,,,,,,
 522,10123932,20012522,AAA AAA522,,,,,,,,,,,73.33,,,,,,,,,,,,
 524,10123934,20012524,AAA AAA524,,,63.64,67.8,,71.67,,,58.33,,51.67,,,,,,,,,,,,
 526,10123936,20012526,AAA AAA526,,,,,,73.33,,,,,,,,,,,,,,,,,
 527,10123937,20012527,AAA AAA527,,70.97,,,,,74.19,58.54,,67.74,0.0,,,,,,,,,,,,
 529,10123939,20012529,AAA AAA529,,,65.91,69.49,,66.67,,,,,40.0,,,,,,,,,,,,
 530,10123940,20012530,AAA AAA530,,70.97,,,,,51.61,73.17,,48.39,0.0,,,,,,,,,,,,
 532,10123942,20012532,AAA AAA532,,,,,,73.33,,,,,66.67,,,,,,,,,,,,
 534,10123944,20012534,AAA AAA534,,,,,,,,73.17,0.0,,0.0,,,,,,,,,,,,
 535,10123945,20012535,AAA AAA535,,,71.43,,,68.63,,,,,73.33,,,,,,,,,,,,
 536,10123946,20012536,AAA AAA536,,,,,,,,,,,40.0,,,,,,,,,,,,
,10123947,20012537,AAA AAA537,,,,,,72.55,,,,,,,,,,,,,,,,,
,10123948,20012538,AAA AAA538,,,,,,72.55,,,,,,,,,,,,,,,,,
,10123949,20012539,AAA AAA539,,,52.38,55.74,,47.06,,,50.0,,50.0,,,6.25,,,,,,,,,
 540,10123950,20012540,AAA AAA540,,,28.57,49.18,,39.22,,,71.43,,33.33,,,,,,,,,,,,
 541,10123951,20012541,AAA AAA541,,74.19,,,73.77,,,,0.0,,0.0,,,,,,,,,,,,
 542,10123952,20012542,AAA AAA542,,,,,,,,,,,73.33,,,,,,,,,,,,
 543,10123953,20012543,AAA AAA543,,,,,,66.67,,,,,73.33,,,,,,,,,,,,
 546,10123956,20012546,AAA AAA546,,,,,,72.55,,,,,,,,,,,,,,,,,
 547,10123957,20012547,AAA AAA547,,,,,,72.55,,,,,,,,,,,,,,,,,
 548,10123958,20012548,AAA AAA548,,,,,,72.55,,,,,73.33,,,,,,,,,,,,
 550,10123960,20012550,AAA AAA550,,,73.81,73.77,,72.55,,,,,70.0,,,,,,,,,,,,
 552,10123962,20012552,AAA AAA552,,,,,,,,,0.0,,0.0,,,,,,,,,,,,
 554,10123964,20012554,AAA AAA554,,74.19,,,,,,,0.0,,0.0,,,,,,,,,,,,
 555,10123965,20012555,AAA AAA555,,,,,,,,,0.0,,0.0,,,,,,,,,,,,
 557,10123967,20012557,AAA AAA557,,,,,,,,,0.0,,0.0,,,,,,,,,,,,
 558,10123968,20012558,AAA AAA558,,,,,,,,,0.0,,0.0,,,,,,,,,,,,
 559,10123969,20012559,AAA AAA559,,,40.48,55.0,,57.14,,,60.0,,44.26,,,,,,,,,,,,
 560,10123970,20012560,AAA AAA560,,,73.81,,,,,,,,,,,,,,,,,,,,
 561,10123971,20012561,AAA AAA561,,,69.05,73.33,,62.5,,,73.33,,59.02,,,,,,,,,,,,
 562,10123972,20012562,AAA AAA562,,,,73.33,,,,,73.33,,,,,,,,,,,,,,
 563,10123973,20012563,AAA AAA563,,,73.81,,,,,,,,,,,,,,,,,,,,
 564,10123974,20012564,AAA AAA564,,,71.43,73.33,,,,,,,73.77,,,,,,,,,,,,
 565,10123975,20012565,AAA AAA565,,,73.81,73.33,,73.21,,,,,73.77,,,,,,,,,,,,
 566,10123976,20012566,AAA AAA566,,,,73.33,,,,,73.33,,73.77,,,,,,,,,,,,
 567,10123977,20012567,AAA AAA567,,,71.43,,,,,,,,,,,,,,,,,,,,
 568,10123978,20012568,AAA AAA568,,,,73.33,,,,,73.33,,,,,,,,,,,,,,
 569,10123979,20012569,AAA AAA569,,,,,,,,,0.0,,0.0,,,,,,,,,,,,
 573,10123983,20012573,AAA AAA573,,,47.62,56.67,,50.0,,,60.0,,62.3,,,,,,,,,,,,
 574,10123984,20012574,AAA AAA574,,,73.81,,,,,,,,,,,,,,,,,,,,
 575,10123985,20012575,AAA AAA575,,,52.38,68.33,,53.57,,,46.67,,49.18,,,,,,,,,,,,
 577,10123987,20012577,AAA AAA577,,,,71.67,,,,,73.33,,,,,,,,,,,,,,
 578,10123988,20012578,AAA AAA578,,,71.43,70.0,,71.43,,,73.33,,,,,,,,,,,,,,
 581,10123991,20012581,AAA AAA581,,,9.52,,,0.0,,,0.0,,0.0,,,,,,,,,0.0,,,
 582,10123992,20012582,AAA AAA582,,,,,,,,,0.0,,0.0,,,,,,,,,,,,
 583,10123993,20012583,AAA AAA583,,,69.05,71.67,,69.64,,,,,70.49,,,,,,,,,,,,
 584,10123994,20012584,AAA AAA584,,,69.05,73.33,,,,,73.33,,65.57,,,,,,,,,,,,
 586,10123996,20012586,AAA AAA586,,,73.81,,,,,,,,,,,,,,,,,,,,
 587,10123997,20012587,AAA AAA587,,,69.05,71.67,,71.43,,,,,67.21,,,,,,,,,,,,
 588,10123998,20012588,AAA AAA588,,,66.67,,,,,,,,70.49,,,,,,,,,,,,
 589,10123999,20012589,AAA AAA589,,,50.0,58.33,,53.57,,,60.0,,49.18,,,,,,,,,,,,
 590,10124000,20012590,AAA AAA590,,,72.73,,,73.68,,,,,,,,,,,,,,,,,
 591,10124001,20012591,AAA AAA591,,74.19,33.33,,,,,,,,0.0,,,,,,,,,,,,
 592,10124002,20012592,AAA AAA592,,,33.33,,,,,,,,0.0,,,,,,,,,,,,
 593,10124003,20012593,AAA AAA593,,,,,,71.93,,,,,,,,,,,,,,,,,
 596,10124006,20012596,AAA AAA596,,,72.73,,,,,,,,68.33,,,,,,,,,,,,
 598,10124008,20012598,AAA AAA598,,,70.45,,,71.93,,,,,73.33,,,,,,,,,,,,
 599,10124009,20012599,AAA AAA599,,,68.18,,,71.93,,,,,71.67,,,,,,,,,,,,
 602,10124012,20012602,AAA AAA602,,,22.22,,,,,,,,0.0,,,,,,,,,,,,
 603,10124013,20012603,AAA AAA603,,,68.18,,,66.67,,,,,68.33,,,,,,,,,,,,
 604,10124014,20012604,AAA AAA604,,,,,,71.93,,,,,,,,,,,,,,,,,
 605,10124015,20012605,AAA AAA605,,,,,,,,,,,73.33,,,,,,,,,,,,
 606,10124016,20012606,AAA AAA606,,,70.45,,,73.68,,,,,,,,,,,,,,,,,
 607,10124017,20012607,AAA AAA607,,,22.22,,,,,,,,0.0,,,,,,,,,,,,
 609,10124019,20012609,AAA AAA609,,,70.45,,,71.93,,,,,,,,,,,,,,,,,
 610,10124020,20012610,AAA AAA610,,,61.36,,,68.42,,,,,68.33,,,,,,,,,,,,
 611,10124021,20012611,AAA AAA611,,,72.73,,,73.68,,,,,71.67,,,,,,,,,,,,
 613,10124023,20012613,AAA AAA613,,,33.33,,,,,,,,0.0,,,,,,,,,,,,
 615,10124025,20012615,AAA AAA615,,,,,,72.41,,,,,73.77,,,,,,,,,,,,
 618,10124028,20012618,AAA AAA618,,,,,,74.14,,,,,,,,,,,,,,,,,
 619,10124029,20012619,AAA AAA619,,,44.44,,,,,,,,0.0,,,,,,,,,,,,
 620,10124030,20012620,AAA AAA620,,,55.56,,,,,,,,0.0,,,,,,,,,,,,
 622,10124032,20012622,AAA AAA622,,,,,,,,,,,73.77,,,,,,,,,,,,
 623,10124033,20012623,AAA AAA623,,,,,,74.14,,,,,73.77,,,,,,,,,,,,
 625,10124035,20012625,AAA AAA625,,74.19,33.33,,,,,,,,0.0,,,,,,,,,,,,
 627,10124037,20012627,AAA AAA627,,45.16,33.33,,,,74.19,70.73,,64.29,10.0,,,,,,,,,,,,
 628,10124038,20012628,AAA AAA628,,,,,,70.69,,,,,68.85,,,,,,,,,,,,
 630,10124040,20012630,AAA AAA630,,,52.27,68.85,,63.79,,,,,60.66,,,,,,,,,,,,
 631,10124041,20012631,AAA AAA631,,,52.27,72.13,,58.62,,,,,54.1,,,,,,,,,,,,
 633,10124043,20012633,AAA AAA633,,64.52,33.33,,63.93,,48.39,,,67.86,0.0,,,,,,,,,,,,
 634,10124044,20012634,AAA AAA634,,74.19,33.33,,,,,,,,0.0,,,,,,,,,,,,
 636,10124046,20012636,AAA AAA636,,64.52,33.33,,,,,73.17,,,0.0,,,,,,,,,,,,
 637,10124047,20012637,AAA AAA637,,,61.36,,,74.14,,,,,,,,,,,,,,,,,
 638,10124048,20012638,AAA AAA638,,,73.33,,,,,,,,72.41,,,,,,,,,,,,
 642,10124052,20012642,AAA AAA642,,69.23,,,,,,,0.0,,,,,,,,,,,,,,
 644,10124054,20012644,AAA AAA644,43.48,60.71,,56.14,72.58,,,,33.33,50.91,,,,,,,,,,,,,
 645,10124055,20012645,AAA AAA645,,,,,,,,,,,72.41,,,,,,,,,,,,
 646,10124056,20012646,AAA AAA646,,,,74.14,,,,,,,67.39,,,,,,,,,,,,
 648,10124058,20012648,AAA AAA648,0.0,,,0.0,0.0,,,,0.0,,,,0.0,,,,,,,,,,
